계획ID,접수일자,연도,이벤트명,이벤트유형,이벤트군,발송기관,발송순서,발송일수,발송일수_구분,일별배분비율,계획총예상추가물량_낮음,계획총예상추가물량_기준,계획총예상추가물량_높음,예상추가물량_낮음,예상추가물량_기준,예상추가물량_높음,배분비율산정방법,배분이력표본수,배분이력기준종료일,계획상태,모델입력사용가능,확신수준,원천데이터관측여부
BDP-002,2024-02-21,2024,사회보험료 통합,혼합형,사회보험,국민건강보험공단(사회보험 통합징수),1,5,달력일,0.2,0,0,0,0,0,0,과거 분포 없음: 발송일수 균등배분,0,,과거백테스트계획,1,보통,1
BDP-002,2024-02-22,2024,사회보험료 통합,혼합형,사회보험,국민건강보험공단(사회보험 통합징수),2,5,달력일,0.2,0,0,0,0,0,0,과거 분포 없음: 발송일수 균등배분,0,,과거백테스트계획,1,보통,1
BDP-002,2024-02-23,2024,사회보험료 통합,혼합형,사회보험,국민건강보험공단(사회보험 통합징수),3,5,달력일,0.2,0,0,0,0,0,0,과거 분포 없음: 발송일수 균등배분,0,,과거백테스트계획,1,보통,1
BDP-002,2024-02-24,2024,사회보험료 통합,혼합형,사회보험,국민건강보험공단(사회보험 통합징수),4,5,달력일,0.2,0,0,0,0,0,0,과거 분포 없음: 발송일수 균등배분,0,,과거백테스트계획,1,보통,0
BDP-002,2024-02-25,2024,사회보험료 통합,혼합형,사회보험,국민건강보험공단(사회보험 통합징수),5,5,달력일,0.2,0,0,0,0,0,0,과거 분포 없음: 발송일수 균등배분,0,,과거백테스트계획,1,보통,0
BDP-003,2024-03-21,2024,사회보험료 통합,혼합형,사회보험,국민건강보험공단(사회보험 통합징수),1,5,달력일,0.0,0,34189,68378,0,0,0,동일 이벤트 과거 발송분포의 순서별 중앙값,1,2024-02-25,과거백테스트계획,1,보통,1
BDP-003,2024-03-22,2024,사회보험료 통합,혼합형,사회보험,국민건강보험공단(사회보험 통합징수),2,5,달력일,1.0,0,34189,68378,0,34189,68378,동일 이벤트 과거 발송분포의 순서별 중앙값,1,2024-02-25,과거백테스트계획,1,보통,1
BDP-003,2024-03-23,2024,사회보험료 통합,혼합형,사회보험,국민건강보험공단(사회보험 통합징수),3,5,달력일,0.0,0,34189,68378,0,0,0,동일 이벤트 과거 발송분포의 순서별 중앙값,1,2024-02-25,과거백테스트계획,1,보통,0
BDP-003,2024-03-24,2024,사회보험료 통합,혼합형,사회보험,국민건강보험공단(사회보험 통합징수),4,5,달력일,0.0,0,34189,68378,0,0,0,동일 이벤트 과거 발송분포의 순서별 중앙값,1,2024-02-25,과거백테스트계획,1,보통,0
BDP-003,2024-03-25,2024,사회보험료 통합,혼합형,사회보험,국민건강보험공단(사회보험 통합징수),5,5,달력일,0.0,0,34189,68378,0,0,0,동일 이벤트 과거 발송분포의 순서별 중앙값,1,2024-02-25,과거백테스트계획,1,보통,1
BDP-004,2024-04-21,2024,사회보험료 통합,혼합형,사회보험,국민건강보험공단(사회보험 통합징수),1,5,달력일,0.0,0,0,68378,0,0,0,동일 이벤트 과거 발송분포의 순서별 중앙값,1,2024-02-25,과거백테스트계획,1,보통,0
BDP-004,2024-04-22,2024,사회보험료 통합,혼합형,사회보험,국민건강보험공단(사회보험 통합징수),2,5,달력일,1.0,0,0,68378,0,0,68378,동일 이벤트 과거 발송분포의 순서별 중앙값,1,2024-02-25,과거백테스트계획,1,보통,1
BDP-004,2024-04-23,2024,사회보험료 통합,혼합형,사회보험,국민건강보험공단(사회보험 통합징수),3,5,달력일,0.0,0,0,68378,0,0,0,동일 이벤트 과거 발송분포의 순서별 중앙값,1,2024-02-25,과거백테스트계획,1,보통,1
BDP-004,2024-04-24,2024,사회보험료 통합,혼합형,사회보험,국민건강보험공단(사회보험 통합징수),4,5,달력일,0.0,0,0,68378,0,0,0,동일 이벤트 과거 발송분포의 순서별 중앙값,1,2024-02-25,과거백테스트계획,1,보통,1
BDP-004,2024-04-25,2024,사회보험료 통합,혼합형,사회보험,국민건강보험공단(사회보험 통합징수),5,5,달력일,0.0,0,0,68378,0,0,0,동일 이벤트 과거 발송분포의 순서별 중앙값,1,2024-02-25,과거백테스트계획,1,보통,1
BDP-005,2024-05-21,2024,사회보험료 통합,혼합형,사회보험,국민건강보험공단(사회보험 통합징수),1,5,달력일,0.0,0,6872,51988,0,0,0,동일 이벤트 과거 발송분포의 순서별 중앙값,2,2024-04-25,과거백테스트계획,1,높음,1
BDP-005,2024-05-22,2024,사회보험료 통합,혼합형,사회보험,국민건강보험공단(사회보험 통합징수),2,5,달력일,1.0,0,6872,51988,0,6872,51988,동일 이벤트 과거 발송분포의 순서별 중앙값,2,2024-04-25,과거백테스트계획,1,높음,1
BDP-005,2024-05-23,2024,사회보험료 통합,혼합형,사회보험,국민건강보험공단(사회보험 통합징수),3,5,달력일,0.0,0,6872,51988,0,0,0,동일 이벤트 과거 발송분포의 순서별 중앙값,2,2024-04-25,과거백테스트계획,1,높음,1
BDP-005,2024-05-24,2024,사회보험료 통합,혼합형,사회보험,국민건강보험공단(사회보험 통합징수),4,5,달력일,0.0,0,6872,51988,0,0,0,동일 이벤트 과거 발송분포의 순서별 중앙값,2,2024-04-25,과거백테스트계획,1,높음,1
BDP-005,2024-05-25,2024,사회보험료 통합,혼합형,사회보험,국민건강보험공단(사회보험 통합징수),5,5,달력일,0.0,0,6872,51988,0,0,0,동일 이벤트 과거 발송분포의 순서별 중앙값,2,2024-04-25,과거백테스트계획,1,높음,0
BDP-007,2024-06-21,2024,사회보험료 통합,혼합형,사회보험,국민건강보험공단(사회보험 통합징수),1,5,달력일,0.0,0,0,46524,0,0,0,동일 이벤트 과거 발송분포의 순서별 중앙값,2,2024-04-25,과거백테스트계획,1,높음,1
BDP-007,2024-06-22,2024,사회보험료 통합,혼합형,사회보험,국민건강보험공단(사회보험 통합징수),2,5,달력일,1.0,0,0,46524,0,0,46524,동일 이벤트 과거 발송분포의 순서별 중앙값,2,2024-04-25,과거백테스트계획,1,높음,0
BDP-007,2024-06-23,2024,사회보험료 통합,혼합형,사회보험,국민건강보험공단(사회보험 통합징수),3,5,달력일,0.0,0,0,46524,0,0,0,동일 이벤트 과거 발송분포의 순서별 중앙값,2,2024-04-25,과거백테스트계획,1,높음,0
BDP-007,2024-06-24,2024,사회보험료 통합,혼합형,사회보험,국민건강보험공단(사회보험 통합징수),4,5,달력일,0.0,0,0,46524,0,0,0,동일 이벤트 과거 발송분포의 순서별 중앙값,2,2024-04-25,과거백테스트계획,1,높음,1
BDP-007,2024-06-25,2024,사회보험료 통합,혼합형,사회보험,국민건강보험공단(사회보험 통합징수),5,5,달력일,0.0,0,0,46524,0,0,0,동일 이벤트 과거 발송분포의 순서별 중앙값,2,2024-04-25,과거백테스트계획,1,높음,1
BDP-009,2024-07-21,2024,사회보험료 통합,혼합형,사회보험,국민건강보험공단(사회보험 통합징수),1,5,달력일,0.0,0,0,41061,0,0,0,동일 이벤트 과거 발송분포의 순서별 중앙값,2,2024-04-25,과거백테스트계획,1,높음,0
BDP-009,2024-07-22,2024,사회보험료 통합,혼합형,사회보험,국민건강보험공단(사회보험 통합징수),2,5,달력일,1.0,0,0,41061,0,0,41061,동일 이벤트 과거 발송분포의 순서별 중앙값,2,2024-04-25,과거백테스트계획,1,높음,1
BDP-009,2024-07-23,2024,사회보험료 통합,혼합형,사회보험,국민건강보험공단(사회보험 통합징수),3,5,달력일,0.0,0,0,41061,0,0,0,동일 이벤트 과거 발송분포의 순서별 중앙값,2,2024-04-25,과거백테스트계획,1,높음,1
BDP-009,2024-07-24,2024,사회보험료 통합,혼합형,사회보험,국민건강보험공단(사회보험 통합징수),4,5,달력일,0.0,0,0,41061,0,0,0,동일 이벤트 과거 발송분포의 순서별 중앙값,2,2024-04-25,과거백테스트계획,1,높음,1
BDP-009,2024-07-25,2024,사회보험료 통합,혼합형,사회보험,국민건강보험공단(사회보험 통합징수),5,5,달력일,0.0,0,0,41061,0,0,0,동일 이벤트 과거 발송분포의 순서별 중앙값,2,2024-04-25,과거백테스트계획,1,높음,1
BDP-012,2024-08-21,2024,사회보험료 통합,혼합형,사회보험,국민건강보험공단(사회보험 통합징수),1,5,달력일,0.0,0,0,35598,0,0,0,동일 이벤트 과거 발송분포의 순서별 중앙값,2,2024-04-25,과거백테스트계획,1,높음,1
BDP-012,2024-08-22,2024,사회보험료 통합,혼합형,사회보험,국민건강보험공단(사회보험 통합징수),2,5,달력일,1.0,0,0,35598,0,0,35598,동일 이벤트 과거 발송분포의 순서별 중앙값,2,2024-04-25,과거백테스트계획,1,높음,1
BDP-012,2024-08-23,2024,사회보험료 통합,혼합형,사회보험,국민건강보험공단(사회보험 통합징수),3,5,달력일,0.0,0,0,35598,0,0,0,동일 이벤트 과거 발송분포의 순서별 중앙값,2,2024-04-25,과거백테스트계획,1,높음,1
BDP-012,2024-08-24,2024,사회보험료 통합,혼합형,사회보험,국민건강보험공단(사회보험 통합징수),4,5,달력일,0.0,0,0,35598,0,0,0,동일 이벤트 과거 발송분포의 순서별 중앙값,2,2024-04-25,과거백테스트계획,1,높음,0
BDP-012,2024-08-25,2024,사회보험료 통합,혼합형,사회보험,국민건강보험공단(사회보험 통합징수),5,5,달력일,0.0,0,0,35598,0,0,0,동일 이벤트 과거 발송분포의 순서별 중앙값,2,2024-04-25,과거백테스트계획,1,높음,0
BDP-014,2024-09-21,2024,사회보험료 통합,혼합형,사회보험,국민건강보험공단(사회보험 통합징수),1,5,달력일,0.0,0,0,82438,0,0,0,동일 이벤트 과거 발송분포의 순서별 중앙값,3,2024-08-25,과거백테스트계획,1,높음,0
BDP-014,2024-09-22,2024,사회보험료 통합,혼합형,사회보험,국민건강보험공단(사회보험 통합징수),2,5,달력일,1.0,0,0,82438,0,0,82438,동일 이벤트 과거 발송분포의 순서별 중앙값,3,2024-08-25,과거백테스트계획,1,높음,0
BDP-014,2024-09-23,2024,사회보험료 통합,혼합형,사회보험,국민건강보험공단(사회보험 통합징수),3,5,달력일,0.0,0,0,82438,0,0,0,동일 이벤트 과거 발송분포의 순서별 중앙값,3,2024-08-25,과거백테스트계획,1,높음,1
BDP-014,2024-09-24,2024,사회보험료 통합,혼합형,사회보험,국민건강보험공단(사회보험 통합징수),4,5,달력일,0.0,0,0,82438,0,0,0,동일 이벤트 과거 발송분포의 순서별 중앙값,3,2024-08-25,과거백테스트계획,1,높음,1
BDP-014,2024-09-25,2024,사회보험료 통합,혼합형,사회보험,국민건강보험공단(사회보험 통합징수),5,5,달력일,0.0,0,0,82438,0,0,0,동일 이벤트 과거 발송분포의 순서별 중앙값,3,2024-08-25,과거백테스트계획,1,높음,1
BDP-015,2024-10-21,2024,사회보험료 통합,혼합형,사회보험,국민건강보험공단(사회보험 통합징수),1,5,달력일,0.0,0,0,106465,0,0,0,동일 이벤트 과거 발송분포의 순서별 중앙값,4,2024-09-25,과거백테스트계획,1,높음,1
BDP-015,2024-10-22,2024,사회보험료 통합,혼합형,사회보험,국민건강보험공단(사회보험 통합징수),2,5,달력일,0.8689405476,0,0,106465,0,0,92512,동일 이벤트 과거 발송분포의 순서별 중앙값,4,2024-09-25,과거백테스트계획,1,높음,1
BDP-015,2024-10-23,2024,사회보험료 통합,혼합형,사회보험,국민건강보험공단(사회보험 통합징수),3,5,달력일,0.1310594524,0,0,106465,0,0,13953,동일 이벤트 과거 발송분포의 순서별 중앙값,4,2024-09-25,과거백테스트계획,1,높음,1
BDP-015,2024-10-24,2024,사회보험료 통합,혼합형,사회보험,국민건강보험공단(사회보험 통합징수),4,5,달력일,0.0,0,0,106465,0,0,0,동일 이벤트 과거 발송분포의 순서별 중앙값,4,2024-09-25,과거백테스트계획,1,높음,1
BDP-015,2024-10-25,2024,사회보험료 통합,혼합형,사회보험,국민건강보험공단(사회보험 통합징수),5,5,달력일,0.0,0,0,106465,0,0,0,동일 이벤트 과거 발송분포의 순서별 중앙값,4,2024-09-25,과거백테스트계획,1,높음,1
BDP-016,2024-11-21,2024,사회보험료 통합,혼합형,사회보험,국민건강보험공단(사회보험 통합징수),1,5,달력일,0.0,0,6872,105368,0,0,0,동일 이벤트 과거 발송분포의 순서별 중앙값,5,2024-10-25,과거백테스트계획,1,높음,1
BDP-016,2024-11-22,2024,사회보험료 통합,혼합형,사회보험,국민건강보험공단(사회보험 통합징수),2,5,달력일,1.0,0,6872,105368,0,6872,105368,동일 이벤트 과거 발송분포의 순서별 중앙값,5,2024-10-25,과거백테스트계획,1,높음,1
BDP-016,2024-11-23,2024,사회보험료 통합,혼합형,사회보험,국민건강보험공단(사회보험 통합징수),3,5,달력일,0.0,0,6872,105368,0,0,0,동일 이벤트 과거 발송분포의 순서별 중앙값,5,2024-10-25,과거백테스트계획,1,높음,0
BDP-016,2024-11-24,2024,사회보험료 통합,혼합형,사회보험,국민건강보험공단(사회보험 통합징수),4,5,달력일,0.0,0,6872,105368,0,0,0,동일 이벤트 과거 발송분포의 순서별 중앙값,5,2024-10-25,과거백테스트계획,1,높음,0
BDP-016,2024-11-25,2024,사회보험료 통합,혼합형,사회보험,국민건강보험공단(사회보험 통합징수),5,5,달력일,0.0,0,6872,105368,0,0,0,동일 이벤트 과거 발송분포의 순서별 중앙값,5,2024-10-25,과거백테스트계획,1,높음,1
BDP-018,2024-12-21,2024,사회보험료 통합,혼합형,사회보험,국민건강보험공단(사회보험 통합징수),1,5,달력일,0.0,0,0,104270,0,0,0,동일 이벤트 과거 발송분포의 순서별 중앙값,5,2024-10-25,과거백테스트계획,1,높음,0
BDP-018,2024-12-22,2024,사회보험료 통합,혼합형,사회보험,국민건강보험공단(사회보험 통합징수),2,5,달력일,1.0,0,0,104270,0,0,104270,동일 이벤트 과거 발송분포의 순서별 중앙값,5,2024-10-25,과거백테스트계획,1,높음,0
BDP-018,2024-12-23,2024,사회보험료 통합,혼합형,사회보험,국민건강보험공단(사회보험 통합징수),3,5,달력일,0.0,0,0,104270,0,0,0,동일 이벤트 과거 발송분포의 순서별 중앙값,5,2024-10-25,과거백테스트계획,1,높음,1
BDP-018,2024-12-24,2024,사회보험료 통합,혼합형,사회보험,국민건강보험공단(사회보험 통합징수),4,5,달력일,0.0,0,0,104270,0,0,0,동일 이벤트 과거 발송분포의 순서별 중앙값,5,2024-10-25,과거백테스트계획,1,높음,1
BDP-018,2024-12-25,2024,사회보험료 통합,혼합형,사회보험,국민건강보험공단(사회보험 통합징수),5,5,달력일,0.0,0,0,104270,0,0,0,동일 이벤트 과거 발송분포의 순서별 중앙값,5,2024-10-25,과거백테스트계획,1,높음,0
BDP-019,2025-01-21,2025,사회보험료 통합,혼합형,사회보험,국민건강보험공단(사회보험 통합징수),1,5,달력일,0.0,0,0,100681,0,0,0,동일 이벤트 과거 발송분포의 순서별 중앙값,5,2024-10-25,과거백테스트계획,1,높음,1
BDP-019,2025-01-22,2025,사회보험료 통합,혼합형,사회보험,국민건강보험공단(사회보험 통합징수),2,5,달력일,1.0,0,0,100681,0,0,100681,동일 이벤트 과거 발송분포의 순서별 중앙값,5,2024-10-25,과거백테스트계획,1,높음,1
BDP-019,2025-01-23,2025,사회보험료 통합,혼합형,사회보험,국민건강보험공단(사회보험 통합징수),3,5,달력일,0.0,0,0,100681,0,0,0,동일 이벤트 과거 발송분포의 순서별 중앙값,5,2024-10-25,과거백테스트계획,1,높음,1
BDP-019,2025-01-24,2025,사회보험료 통합,혼합형,사회보험,국민건강보험공단(사회보험 통합징수),4,5,달력일,0.0,0,0,100681,0,0,0,동일 이벤트 과거 발송분포의 순서별 중앙값,5,2024-10-25,과거백테스트계획,1,높음,1
BDP-019,2025-01-25,2025,사회보험료 통합,혼합형,사회보험,국민건강보험공단(사회보험 통합징수),5,5,달력일,0.0,0,0,100681,0,0,0,동일 이벤트 과거 발송분포의 순서별 중앙값,5,2024-10-25,과거백테스트계획,1,높음,0
BDP-020,2025-02-21,2025,사회보험료 통합,혼합형,사회보험,국민건강보험공단(사회보험 통합징수),1,5,달력일,0.0,0,0,97092,0,0,0,동일 이벤트 과거 발송분포의 순서별 중앙값,6,2025-01-25,과거백테스트계획,1,높음,1
BDP-020,2025-02-22,2025,사회보험료 통합,혼합형,사회보험,국민건강보험공단(사회보험 통합징수),2,5,달력일,0.7465555621,0,0,97092,0,0,72485,동일 이벤트 과거 발송분포의 순서별 중앙값,6,2025-01-25,과거백테스트계획,1,높음,0
BDP-020,2025-02-23,2025,사회보험료 통합,혼합형,사회보험,국민건강보험공단(사회보험 통합징수),3,5,달력일,0.2534444379,0,0,97092,0,0,24607,동일 이벤트 과거 발송분포의 순서별 중앙값,6,2025-01-25,과거백테스트계획,1,높음,0
BDP-020,2025-02-24,2025,사회보험료 통합,혼합형,사회보험,국민건강보험공단(사회보험 통합징수),4,5,달력일,0.0,0,0,97092,0,0,0,동일 이벤트 과거 발송분포의 순서별 중앙값,6,2025-01-25,과거백테스트계획,1,높음,1
BDP-020,2025-02-25,2025,사회보험료 통합,혼합형,사회보험,국민건강보험공단(사회보험 통합징수),5,5,달력일,0.0,0,0,97092,0,0,0,동일 이벤트 과거 발송분포의 순서별 중앙값,6,2025-01-25,과거백테스트계획,1,높음,1
BDP-021,2025-03-21,2025,사회보험료 통합,혼합형,사회보험,국민건강보험공단(사회보험 통합징수),1,5,달력일,0.0,0,6872,93503,0,0,0,동일 이벤트 과거 발송분포의 순서별 중앙값,7,2025-02-25,과거백테스트계획,1,높음,1
BDP-021,2025-03-22,2025,사회보험료 통합,혼합형,사회보험,국민건강보험공단(사회보험 통합징수),2,5,달력일,1.0,0,6872,93503,0,6872,93503,동일 이벤트 과거 발송분포의 순서별 중앙값,7,2025-02-25,과거백테스트계획,1,높음,1
BDP-021,2025-03-23,2025,사회보험료 통합,혼합형,사회보험,국민건강보험공단(사회보험 통합징수),3,5,달력일,0.0,0,6872,93503,0,0,0,동일 이벤트 과거 발송분포의 순서별 중앙값,7,2025-02-25,과거백테스트계획,1,높음,0
BDP-021,2025-03-24,2025,사회보험료 통합,혼합형,사회보험,국민건강보험공단(사회보험 통합징수),4,5,달력일,0.0,0,6872,93503,0,0,0,동일 이벤트 과거 발송분포의 순서별 중앙값,7,2025-02-25,과거백테스트계획,1,높음,1
BDP-021,2025-03-25,2025,사회보험료 통합,혼합형,사회보험,국민건강보험공단(사회보험 통합징수),5,5,달력일,0.0,0,6872,93503,0,0,0,동일 이벤트 과거 발송분포의 순서별 중앙값,7,2025-02-25,과거백테스트계획,1,높음,1
BDP-022,2025-04-21,2025,사회보험료 통합,혼합형,사회보험,국민건강보험공단(사회보험 통합징수),1,5,달력일,0.0,0,13744,89914,0,0,0,동일 이벤트 과거 발송분포의 순서별 중앙값,8,2025-03-25,과거백테스트계획,1,높음,1
BDP-022,2025-04-22,2025,사회보험료 통합,혼합형,사회보험,국민건강보험공단(사회보험 통합징수),2,5,달력일,1.0,0,13744,89914,0,13744,89914,동일 이벤트 과거 발송분포의 순서별 중앙값,8,2025-03-25,과거백테스트계획,1,높음,1
BDP-022,2025-04-23,2025,사회보험료 통합,혼합형,사회보험,국민건강보험공단(사회보험 통합징수),3,5,달력일,0.0,0,13744,89914,0,0,0,동일 이벤트 과거 발송분포의 순서별 중앙값,8,2025-03-25,과거백테스트계획,1,높음,1
BDP-022,2025-04-24,2025,사회보험료 통합,혼합형,사회보험,국민건강보험공단(사회보험 통합징수),4,5,달력일,0.0,0,13744,89914,0,0,0,동일 이벤트 과거 발송분포의 순서별 중앙값,8,2025-03-25,과거백테스트계획,1,높음,1
BDP-022,2025-04-25,2025,사회보험료 통합,혼합형,사회보험,국민건강보험공단(사회보험 통합징수),5,5,달력일,0.0,0,13744,89914,0,0,0,동일 이벤트 과거 발송분포의 순서별 중앙값,8,2025-03-25,과거백테스트계획,1,높음,1
BDP-023,2025-05-21,2025,사회보험료 통합,혼합형,사회보험,국민건강보험공단(사회보험 통합징수),1,5,달력일,0.0,0,15577,88118,0,0,0,동일 이벤트 과거 발송분포의 순서별 중앙값,9,2025-04-25,과거백테스트계획,1,높음,1
BDP-023,2025-05-22,2025,사회보험료 통합,혼합형,사회보험,국민건강보험공단(사회보험 통합징수),2,5,달력일,1.0,0,15577,88118,0,15577,88118,동일 이벤트 과거 발송분포의 순서별 중앙값,9,2025-04-25,과거백테스트계획,1,높음,1
BDP-023,2025-05-23,2025,사회보험료 통합,혼합형,사회보험,국민건강보험공단(사회보험 통합징수),3,5,달력일,0.0,0,15577,88118,0,0,0,동일 이벤트 과거 발송분포의 순서별 중앙값,9,2025-04-25,과거백테스트계획,1,높음,1
BDP-023,2025-05-24,2025,사회보험료 통합,혼합형,사회보험,국민건강보험공단(사회보험 통합징수),4,5,달력일,0.0,0,15577,88118,0,0,0,동일 이벤트 과거 발송분포의 순서별 중앙값,9,2025-04-25,과거백테스트계획,1,높음,1
BDP-023,2025-05-25,2025,사회보험료 통합,혼합형,사회보험,국민건강보험공단(사회보험 통합징수),5,5,달력일,0.0,0,15577,88118,0,0,0,동일 이벤트 과거 발송분포의 순서별 중앙값,9,2025-04-25,과거백테스트계획,1,높음,0
BDP-024,2025-06-09,2025,제1기분 자동차세,주거형,세금,대전광역시 5개 자치구 세무부서,1,5,영업일,0.099748555,244984,306230,367476,24437,30546,36655,동일 이벤트 과거 발송분포의 순서별 중앙값,1,2024-06-14,과거백테스트계획,1,보통,1
BDP-024,2025-06-10,2025,제1기분 자동차세,주거형,세금,대전광역시 5개 자치구 세무부서,2,5,영업일,0.3668304869,244984,306230,367476,89867,112335,134802,동일 이벤트 과거 발송분포의 순서별 중앙값,1,2024-06-14,과거백테스트계획,1,보통,1
BDP-024,2025-06-11,2025,제1기분 자동차세,주거형,세금,대전광역시 5개 자치구 세무부서,3,5,영업일,0.0124938772,244984,306230,367476,3061,3826,4591,동일 이벤트 과거 발송분포의 순서별 중앙값,1,2024-06-14,과거백테스트계획,1,보통,1
BDP-024,2025-06-12,2025,제1기분 자동차세,주거형,세금,대전광역시 5개 자치구 세무부서,4,5,영업일,0.520927081,244984,306230,367476,127619,159523,191428,동일 이벤트 과거 발송분포의 순서별 중앙값,1,2024-06-14,과거백테스트계획,1,보통,1
BDP-024,2025-06-13,2025,제1기분 자동차세,주거형,세금,대전광역시 5개 자치구 세무부서,5,5,영업일,0.0,244984,306230,367476,0,0,0,동일 이벤트 과거 발송분포의 순서별 중앙값,1,2024-06-14,과거백테스트계획,1,보통,1
BDP-025,2025-06-21,2025,사회보험료 통합,혼합형,사회보험,국민건강보험공단(사회보험 통합징수),1,5,달력일,0.0,0,17410,108660,0,0,0,동일 이벤트 과거 발송분포의 순서별 중앙값,10,2025-05-25,과거백테스트계획,1,높음,0
BDP-025,2025-06-22,2025,사회보험료 통합,혼합형,사회보험,국민건강보험공단(사회보험 통합징수),2,5,달력일,1.0,0,17410,108660,0,17410,108660,동일 이벤트 과거 발송분포의 순서별 중앙값,10,2025-05-25,과거백테스트계획,1,높음,1
BDP-025,2025-06-23,2025,사회보험료 통합,혼합형,사회보험,국민건강보험공단(사회보험 통합징수),3,5,달력일,0.0,0,17410,108660,0,0,0,동일 이벤트 과거 발송분포의 순서별 중앙값,10,2025-05-25,과거백테스트계획,1,높음,1
BDP-025,2025-06-24,2025,사회보험료 통합,혼합형,사회보험,국민건강보험공단(사회보험 통합징수),4,5,달력일,0.0,0,17410,108660,0,0,0,동일 이벤트 과거 발송분포의 순서별 중앙값,10,2025-05-25,과거백테스트계획,1,높음,1
BDP-025,2025-06-25,2025,사회보험료 통합,혼합형,사회보험,국민건강보험공단(사회보험 통합징수),5,5,달력일,0.0,0,17410,108660,0,0,0,동일 이벤트 과거 발송분포의 순서별 중앙값,10,2025-05-25,과거백테스트계획,1,높음,1
BDP-026,2025-07-09,2025,재산세(건축),주거형(혼합),세금,대전광역시 5개 자치구 세무부서,1,5,영업일,0.0,362471,453088,543706,0,0,0,동일 이벤트 과거 발송분포의 순서별 중앙값,1,2024-07-15,과거백테스트계획,1,보통,1
BDP-026,2025-07-10,2025,재산세(건축),주거형(혼합),세금,대전광역시 5개 자치구 세무부서,2,5,영업일,0.0,362471,453088,543706,0,0,0,동일 이벤트 과거 발송분포의 순서별 중앙값,1,2024-07-15,과거백테스트계획,1,보통,1
BDP-026,2025-07-11,2025,재산세(건축),주거형(혼합),세금,대전광역시 5개 자치구 세무부서,3,5,영업일,0.0627515375,362471,453088,543706,22746,28432,34118,동일 이벤트 과거 발송분포의 순서별 중앙값,1,2024-07-15,과거백테스트계획,1,보통,1
BDP-026,2025-07-14,2025,재산세(건축),주거형(혼합),세금,대전광역시 5개 자치구 세무부서,4,5,영업일,0.9372484625,362471,453088,543706,339725,424656,509588,동일 이벤트 과거 발송분포의 순서별 중앙값,1,2024-07-15,과거백테스트계획,1,보통,1
BDP-026,2025-07-15,2025,재산세(건축),주거형(혼합),세금,대전광역시 5개 자치구 세무부서,5,5,영업일,0.0,362471,453088,543706,0,0,0,동일 이벤트 과거 발송분포의 순서별 중앙값,1,2024-07-15,과거백테스트계획,1,보통,1
BDP-027,2025-07-21,2025,사회보험료 통합,혼합형,사회보험,국민건강보험공단(사회보험 통합징수),1,5,달력일,0.0,0,15577,107562,0,0,0,동일 이벤트 과거 발송분포의 순서별 중앙값,10,2025-05-25,과거백테스트계획,1,높음,1
BDP-027,2025-07-22,2025,사회보험료 통합,혼합형,사회보험,국민건강보험공단(사회보험 통합징수),2,5,달력일,1.0,0,15577,107562,0,15577,107562,동일 이벤트 과거 발송분포의 순서별 중앙값,10,2025-05-25,과거백테스트계획,1,높음,1
BDP-027,2025-07-23,2025,사회보험료 통합,혼합형,사회보험,국민건강보험공단(사회보험 통합징수),3,5,달력일,0.0,0,15577,107562,0,0,0,동일 이벤트 과거 발송분포의 순서별 중앙값,10,2025-05-25,과거백테스트계획,1,높음,1
BDP-027,2025-07-24,2025,사회보험료 통합,혼합형,사회보험,국민건강보험공단(사회보험 통합징수),4,5,달력일,0.0,0,15577,107562,0,0,0,동일 이벤트 과거 발송분포의 순서별 중앙값,10,2025-05-25,과거백테스트계획,1,높음,1
BDP-027,2025-07-25,2025,사회보험료 통합,혼합형,사회보험,국민건강보험공단(사회보험 통합징수),5,5,달력일,0.0,0,15577,107562,0,0,0,동일 이벤트 과거 발송분포의 순서별 중앙값,10,2025-05-25,과거백테스트계획,1,높음,1
BDP-028,2025-07-25,2025,주민세(사업소분),사업체형,세금,대전광역시 5개 자치구 세무부서,1,5,영업일,0.0,29272,36590,43908,0,0,0,동일 이벤트 과거 발송분포의 순서별 중앙값,1,2024-07-31,과거백테스트계획,1,보통,1
BDP-028,2025-07-28,2025,주민세(사업소분),사업체형,세금,대전광역시 5개 자치구 세무부서,2,5,영업일,0.2405575294,29272,36590,43908,7042,8802,10562,동일 이벤트 과거 발송분포의 순서별 중앙값,1,2024-07-31,과거백테스트계획,1,보통,1
BDP-028,2025-07-29,2025,주민세(사업소분),사업체형,세금,대전광역시 5개 자치구 세무부서,3,5,영업일,0.0,29272,36590,43908,0,0,0,동일 이벤트 과거 발송분포의 순서별 중앙값,1,2024-07-31,과거백테스트계획,1,보통,1
BDP-028,2025-07-30,2025,주민세(사업소분),사업체형,세금,대전광역시 5개 자치구 세무부서,4,5,영업일,0.0,29272,36590,43908,0,0,0,동일 이벤트 과거 발송분포의 순서별 중앙값,1,2024-07-31,과거백테스트계획,1,보통,1
BDP-028,2025-07-31,2025,주민세(사업소분),사업체형,세금,대전광역시 5개 자치구 세무부서,5,5,영업일,0.7594424706,29272,36590,43908,22230,27788,33346,동일 이벤트 과거 발송분포의 순서별 중앙값,1,2024-07-31,과거백테스트계획,1,보통,1
BDP-029,2025-08-08,2025,정기분 주민세,주거형,세금,대전광역시 5개 자치구 세무부서,1,5,영업일,0.0152690596,486212,607765,729318,7424,9280,11136,동일 이벤트 과거 발송분포의 순서별 중앙값,1,2024-08-14,과거백테스트계획,1,보통,1
BDP-029,2025-08-11,2025,정기분 주민세,주거형,세금,대전광역시 5개 자치구 세무부서,2,5,영업일,0.0768405551,486212,607765,729318,37361,46701,56041,동일 이벤트 과거 발송분포의 순서별 중앙값,1,2024-08-14,과거백테스트계획,1,보통,1
BDP-029,2025-08-12,2025,정기분 주민세,주거형,세금,대전광역시 5개 자치구 세무부서,3,5,영업일,0.843539855,486212,607765,729318,410139,512674,615209,동일 이벤트 과거 발송분포의 순서별 중앙값,1,2024-08-14,과거백테스트계획,1,보통,1
BDP-029,2025-08-13,2025,정기분 주민세,주거형,세금,대전광역시 5개 자치구 세무부서,4,5,영업일,0.0,486212,607765,729318,0,0,0,동일 이벤트 과거 발송분포의 순서별 중앙값,1,2024-08-14,과거백테스트계획,1,보통,1
BDP-029,2025-08-14,2025,정기분 주민세,주거형,세금,대전광역시 5개 자치구 세무부서,5,5,영업일,0.0643505302,486212,607765,729318,31288,39110,46932,동일 이벤트 과거 발송분포의 순서별 중앙값,1,2024-08-14,과거백테스트계획,1,보통,1
BDP-030,2025-08-21,2025,사회보험료 통합,혼합형,사회보험,국민건강보험공단(사회보험 통합징수),1,5,달력일,0.0,0,13744,106465,0,0,0,동일 이벤트 과거 발송분포의 순서별 중앙값,10,2025-05-25,과거백테스트계획,1,높음,1
BDP-030,2025-08-22,2025,사회보험료 통합,혼합형,사회보험,국민건강보험공단(사회보험 통합징수),2,5,달력일,1.0,0,13744,106465,0,13744,106465,동일 이벤트 과거 발송분포의 순서별 중앙값,10,2025-05-25,과거백테스트계획,1,높음,1
BDP-030,2025-08-23,2025,사회보험료 통합,혼합형,사회보험,국민건강보험공단(사회보험 통합징수),3,5,달력일,0.0,0,13744,106465,0,0,0,동일 이벤트 과거 발송분포의 순서별 중앙값,10,2025-05-25,과거백테스트계획,1,높음,0
BDP-030,2025-08-24,2025,사회보험료 통합,혼합형,사회보험,국민건강보험공단(사회보험 통합징수),4,5,달력일,0.0,0,13744,106465,0,0,0,동일 이벤트 과거 발송분포의 순서별 중앙값,10,2025-05-25,과거백테스트계획,1,높음,0
BDP-030,2025-08-25,2025,사회보험료 통합,혼합형,사회보험,국민건강보험공단(사회보험 통합징수),5,5,달력일,0.0,0,13744,106465,0,0,0,동일 이벤트 과거 발송분포의 순서별 중앙값,10,2025-05-25,과거백테스트계획,1,높음,1
BDP-031,2025-09-09,2025,재산세(토지),주거형(혼합),세금,대전광역시 5개 자치구 세무부서,1,5,영업일,0.0437371235,440724,550905,661086,19276,24095,28914,동일 이벤트 과거 발송분포의 순서별 중앙값,1,2024-09-13,과거백테스트계획,1,보통,1
BDP-031,2025-09-10,2025,재산세(토지),주거형(혼합),세금,대전광역시 5개 자치구 세무부서,2,5,영업일,0.6975767147,440724,550905,661086,307439,384299,461158,동일 이벤트 과거 발송분포의 순서별 중앙값,1,2024-09-13,과거백테스트계획,1,보통,1
BDP-031,2025-09-11,2025,재산세(토지),주거형(혼합),세금,대전광역시 5개 자치구 세무부서,3,5,영업일,0.0969232445,440724,550905,661086,42716,53395,64075,동일 이벤트 과거 발송분포의 순서별 중앙값,1,2024-09-13,과거백테스트계획,1,보통,1
BDP-031,2025-09-12,2025,재산세(토지),주거형(혼합),세금,대전광역시 5개 자치구 세무부서,4,5,영업일,0.1544222688,440724,550905,661086,68058,85072,102086,동일 이벤트 과거 발송분포의 순서별 중앙값,1,2024-09-13,과거백테스트계획,1,보통,1
BDP-031,2025-09-15,2025,재산세(토지),주거형(혼합),세금,대전광역시 5개 자치구 세무부서,5,5,영업일,0.0073406486,440724,550905,661086,3235,4044,4853,동일 이벤트 과거 발송분포의 순서별 중앙값,1,2024-09-13,과거백테스트계획,1,보통,1
BDP-032,2025-09-21,2025,사회보험료 통합,혼합형,사회보험,국민건강보험공단(사회보험 통합징수),1,5,달력일,0.0,0,13997,105368,0,0,0,동일 이벤트 과거 발송분포의 순서별 중앙값,11,2025-08-25,과거백테스트계획,1,높음,0
BDP-032,2025-09-22,2025,사회보험료 통합,혼합형,사회보험,국민건강보험공단(사회보험 통합징수),2,5,달력일,1.0,0,13997,105368,0,13997,105368,동일 이벤트 과거 발송분포의 순서별 중앙값,11,2025-08-25,과거백테스트계획,1,높음,1
BDP-032,2025-09-23,2025,사회보험료 통합,혼합형,사회보험,국민건강보험공단(사회보험 통합징수),3,5,달력일,0.0,0,13997,105368,0,0,0,동일 이벤트 과거 발송분포의 순서별 중앙값,11,2025-08-25,과거백테스트계획,1,높음,1
BDP-032,2025-09-24,2025,사회보험료 통합,혼합형,사회보험,국민건강보험공단(사회보험 통합징수),4,5,달력일,0.0,0,13997,105368,0,0,0,동일 이벤트 과거 발송분포의 순서별 중앙값,11,2025-08-25,과거백테스트계획,1,높음,1
BDP-032,2025-09-25,2025,사회보험료 통합,혼합형,사회보험,국민건강보험공단(사회보험 통합징수),5,5,달력일,0.0,0,13997,105368,0,0,0,동일 이벤트 과거 발송분포의 순서별 중앙값,11,2025-08-25,과거백테스트계획,1,높음,1
BDP-033,2025-10-21,2025,사회보험료 통합,혼합형,사회보험,국민건강보험공단(사회보험 통합징수),1,5,달력일,0.0,0,14250,104270,0,0,0,동일 이벤트 과거 발송분포의 순서별 중앙값,12,2025-09-25,과거백테스트계획,1,높음,1
BDP-033,2025-10-22,2025,사회보험료 통합,혼합형,사회보험,국민건강보험공단(사회보험 통합징수),2,5,달력일,1.0,0,14250,104270,0,14250,104270,동일 이벤트 과거 발송분포의 순서별 중앙값,12,2025-09-25,과거백테스트계획,1,높음,1
BDP-033,2025-10-23,2025,사회보험료 통합,혼합형,사회보험,국민건강보험공단(사회보험 통합징수),3,5,달력일,0.0,0,14250,104270,0,0,0,동일 이벤트 과거 발송분포의 순서별 중앙값,12,2025-09-25,과거백테스트계획,1,높음,1
BDP-033,2025-10-24,2025,사회보험료 통합,혼합형,사회보험,국민건강보험공단(사회보험 통합징수),4,5,달력일,0.0,0,14250,104270,0,0,0,동일 이벤트 과거 발송분포의 순서별 중앙값,12,2025-09-25,과거백테스트계획,1,높음,1
BDP-033,2025-10-25,2025,사회보험료 통합,혼합형,사회보험,국민건강보험공단(사회보험 통합징수),5,5,달력일,0.0,0,14250,104270,0,0,0,동일 이벤트 과거 발송분포의 순서별 중앙값,12,2025-09-25,과거백테스트계획,1,높음,0
BDP-034,2025-11-21,2025,사회보험료 통합,혼합형,사회보험,국민건강보험공단(사회보험 통합징수),1,5,달력일,0.0,0,15830,101040,0,0,0,동일 이벤트 과거 발송분포의 순서별 중앙값,13,2025-10-25,과거백테스트계획,1,높음,1
BDP-034,2025-11-22,2025,사회보험료 통합,혼합형,사회보험,국민건강보험공단(사회보험 통합징수),2,5,달력일,1.0,0,15830,101040,0,15830,101040,동일 이벤트 과거 발송분포의 순서별 중앙값,13,2025-10-25,과거백테스트계획,1,높음,0
BDP-034,2025-11-23,2025,사회보험료 통합,혼합형,사회보험,국민건강보험공단(사회보험 통합징수),3,5,달력일,0.0,0,15830,101040,0,0,0,동일 이벤트 과거 발송분포의 순서별 중앙값,13,2025-10-25,과거백테스트계획,1,높음,0
BDP-034,2025-11-24,2025,사회보험료 통합,혼합형,사회보험,국민건강보험공단(사회보험 통합징수),4,5,달력일,0.0,0,15830,101040,0,0,0,동일 이벤트 과거 발송분포의 순서별 중앙값,13,2025-10-25,과거백테스트계획,1,높음,1
BDP-034,2025-11-25,2025,사회보험료 통합,혼합형,사회보험,국민건강보험공단(사회보험 통합징수),5,5,달력일,0.0,0,15830,101040,0,0,0,동일 이벤트 과거 발송분포의 순서별 중앙값,13,2025-10-25,과거백테스트계획,1,높음,1
BDP-035,2025-12-09,2025,제2기분 자동차세,주거형,세금,대전광역시 5개 자치구 세무부서,1,5,영업일,0.0767749293,201670,252088,302505,15483,19354,23225,동일 이벤트 과거 발송분포의 순서별 중앙값,1,2024-12-13,과거백테스트계획,1,보통,1
BDP-035,2025-12-10,2025,제2기분 자동차세,주거형,세금,대전광역시 5개 자치구 세무부서,2,5,영업일,0.0003233004,201670,252088,302505,65,82,98,동일 이벤트 과거 발송분포의 순서별 중앙값,1,2024-12-13,과거백테스트계획,1,보통,1
BDP-035,2025-12-11,2025,제2기분 자동차세,주거형,세금,대전광역시 5개 자치구 세무부서,3,5,영업일,0.1750066941,201670,252088,302505,35294,44117,52940,동일 이벤트 과거 발송분포의 순서별 중앙값,1,2024-12-13,과거백테스트계획,1,보통,1
BDP-035,2025-12-12,2025,제2기분 자동차세,주거형,세금,대전광역시 5개 자치구 세무부서,4,5,영업일,0.7478950761,201670,252088,302505,150828,188535,226242,동일 이벤트 과거 발송분포의 순서별 중앙값,1,2024-12-13,과거백테스트계획,1,보통,1
BDP-035,2025-12-15,2025,제2기분 자동차세,주거형,세금,대전광역시 5개 자치구 세무부서,5,5,영업일,0.0,201670,252088,302505,0,0,0,동일 이벤트 과거 발송분포의 순서별 중앙값,1,2024-12-13,과거백테스트계획,1,보통,1
BDP-036,2025-12-21,2025,사회보험료 통합,혼합형,사회보험,국민건강보험공단(사회보험 통합징수),1,5,달력일,0.0,0,14250,97810,0,0,0,동일 이벤트 과거 발송분포의 순서별 중앙값,14,2025-11-25,과거백테스트계획,1,높음,0
BDP-036,2025-12-22,2025,사회보험료 통합,혼합형,사회보험,국민건강보험공단(사회보험 통합징수),2,5,달력일,1.0,0,14250,97810,0,14250,97810,동일 이벤트 과거 발송분포의 순서별 중앙값,14,2025-11-25,과거백테스트계획,1,높음,1
BDP-036,2025-12-23,2025,사회보험료 통합,혼합형,사회보험,국민건강보험공단(사회보험 통합징수),3,5,달력일,0.0,0,14250,97810,0,0,0,동일 이벤트 과거 발송분포의 순서별 중앙값,14,2025-11-25,과거백테스트계획,1,높음,1
BDP-036,2025-12-24,2025,사회보험료 통합,혼합형,사회보험,국민건강보험공단(사회보험 통합징수),4,5,달력일,0.0,0,14250,97810,0,0,0,동일 이벤트 과거 발송분포의 순서별 중앙값,14,2025-11-25,과거백테스트계획,1,높음,1
BDP-036,2025-12-25,2025,사회보험료 통합,혼합형,사회보험,국민건강보험공단(사회보험 통합징수),5,5,달력일,0.0,0,14250,97810,0,0,0,동일 이벤트 과거 발송분포의 순서별 중앙값,14,2025-11-25,과거백테스트계획,1,높음,0
BDP-037,2026-01-21,2026,사회보험료 통합,혼합형,사회보험,국민건강보험공단(사회보험 통합징수),1,5,달력일,0.2,0,13997,94579,0,2800,18916,과거 분포 합계 0: 발송일수 균등배분,15,2025-12-25,과거백테스트계획,1,높음,1
BDP-037,2026-01-22,2026,사회보험료 통합,혼합형,사회보험,국민건강보험공단(사회보험 통합징수),2,5,달력일,0.2,0,13997,94579,0,2800,18916,과거 분포 합계 0: 발송일수 균등배분,15,2025-12-25,과거백테스트계획,1,높음,1
BDP-037,2026-01-23,2026,사회보험료 통합,혼합형,사회보험,국민건강보험공단(사회보험 통합징수),3,5,달력일,0.2,0,13997,94579,0,2799,18916,과거 분포 합계 0: 발송일수 균등배분,15,2025-12-25,과거백테스트계획,1,높음,1
BDP-037,2026-01-24,2026,사회보험료 통합,혼합형,사회보험,국민건강보험공단(사회보험 통합징수),4,5,달력일,0.2,0,13997,94579,0,2799,18916,과거 분포 합계 0: 발송일수 균등배분,15,2025-12-25,과거백테스트계획,1,높음,0
BDP-037,2026-01-25,2026,사회보험료 통합,혼합형,사회보험,국민건강보험공단(사회보험 통합징수),5,5,달력일,0.2,0,13997,94579,0,2799,18915,과거 분포 합계 0: 발송일수 균등배분,15,2025-12-25,과거백테스트계획,1,높음,0
BDP-038,2026-02-21,2026,사회보험료 통합,혼합형,사회보험,국민건강보험공단(사회보험 통합징수),1,5,달력일,0.2,0,13744,91349,0,2749,18270,과거 분포 합계 0: 발송일수 균등배분,15,2025-12-25,과거백테스트계획,1,높음,0
BDP-038,2026-02-22,2026,사회보험료 통합,혼합형,사회보험,국민건강보험공단(사회보험 통합징수),2,5,달력일,0.2,0,13744,91349,0,2749,18270,과거 분포 합계 0: 발송일수 균등배분,15,2025-12-25,과거백테스트계획,1,높음,0
BDP-038,2026-02-23,2026,사회보험료 통합,혼합형,사회보험,국민건강보험공단(사회보험 통합징수),3,5,달력일,0.2,0,13744,91349,0,2749,18270,과거 분포 합계 0: 발송일수 균등배분,15,2025-12-25,과거백테스트계획,1,높음,1
BDP-038,2026-02-24,2026,사회보험료 통합,혼합형,사회보험,국민건강보험공단(사회보험 통합징수),4,5,달력일,0.2,0,13744,91349,0,2749,18270,과거 분포 합계 0: 발송일수 균등배분,15,2025-12-25,과거백테스트계획,1,높음,1
BDP-038,2026-02-25,2026,사회보험료 통합,혼합형,사회보험,국민건강보험공단(사회보험 통합징수),5,5,달력일,0.2,0,13744,91349,0,2748,18269,과거 분포 합계 0: 발송일수 균등배분,15,2025-12-25,과거백테스트계획,1,높음,1
BDP-039,2026-03-21,2026,사회보험료 통합,혼합형,사회보험,국민건강보험공단(사회보험 통합징수),1,5,달력일,0.2,0,13997,88118,0,2800,17624,과거 분포 합계 0: 발송일수 균등배분,15,2025-12-25,과거백테스트계획,1,높음,0
BDP-039,2026-03-22,2026,사회보험료 통합,혼합형,사회보험,국민건강보험공단(사회보험 통합징수),2,5,달력일,0.2,0,13997,88118,0,2800,17624,과거 분포 합계 0: 발송일수 균등배분,15,2025-12-25,과거백테스트계획,1,높음,0
BDP-039,2026-03-23,2026,사회보험료 통합,혼합형,사회보험,국민건강보험공단(사회보험 통합징수),3,5,달력일,0.2,0,13997,88118,0,2799,17624,과거 분포 합계 0: 발송일수 균등배분,15,2025-12-25,과거백테스트계획,1,높음,1
BDP-039,2026-03-24,2026,사회보험료 통합,혼합형,사회보험,국민건강보험공단(사회보험 통합징수),4,5,달력일,0.2,0,13997,88118,0,2799,17623,과거 분포 합계 0: 발송일수 균등배분,15,2025-12-25,과거백테스트계획,1,높음,1
BDP-039,2026-03-25,2026,사회보험료 통합,혼합형,사회보험,국민건강보험공단(사회보험 통합징수),5,5,달력일,0.2,0,13997,88118,0,2799,17623,과거 분포 합계 0: 발송일수 균등배분,15,2025-12-25,과거백테스트계획,1,높음,1
BDP-040,2026-04-21,2026,사회보험료 통합,혼합형,사회보험,국민건강보험공단(사회보험 통합징수),1,5,달력일,0.2,0,14250,84888,0,2850,16978,과거 분포 합계 0: 발송일수 균등배분,15,2025-12-25,과거백테스트계획,1,높음,1
BDP-040,2026-04-22,2026,사회보험료 통합,혼합형,사회보험,국민건강보험공단(사회보험 통합징수),2,5,달력일,0.2,0,14250,84888,0,2850,16978,과거 분포 합계 0: 발송일수 균등배분,15,2025-12-25,과거백테스트계획,1,높음,1
BDP-040,2026-04-23,2026,사회보험료 통합,혼합형,사회보험,국민건강보험공단(사회보험 통합징수),3,5,달력일,0.2,0,14250,84888,0,2850,16978,과거 분포 합계 0: 발송일수 균등배분,15,2025-12-25,과거백테스트계획,1,높음,1
BDP-040,2026-04-24,2026,사회보험료 통합,혼합형,사회보험,국민건강보험공단(사회보험 통합징수),4,5,달력일,0.2,0,14250,84888,0,2850,16977,과거 분포 합계 0: 발송일수 균등배분,15,2025-12-25,과거백테스트계획,1,높음,1
BDP-040,2026-04-25,2026,사회보험료 통합,혼합형,사회보험,국민건강보험공단(사회보험 통합징수),5,5,달력일,0.2,0,14250,84888,0,2850,16977,과거 분포 합계 0: 발송일수 균등배분,15,2025-12-25,과거백테스트계획,1,높음,0
BDP-041,2026-05-21,2026,사회보험료 통합,혼합형,사회보험,국민건강보험공단(사회보험 통합징수),1,5,달력일,0.2,0,13997,81658,0,2800,16332,과거 분포 합계 0: 발송일수 균등배분,15,2025-12-25,과거백테스트계획,1,높음,1
BDP-041,2026-05-22,2026,사회보험료 통합,혼합형,사회보험,국민건강보험공단(사회보험 통합징수),2,5,달력일,0.2,0,13997,81658,0,2800,16332,과거 분포 합계 0: 발송일수 균등배분,15,2025-12-25,과거백테스트계획,1,높음,1
BDP-041,2026-05-23,2026,사회보험료 통합,혼합형,사회보험,국민건강보험공단(사회보험 통합징수),3,5,달력일,0.2,0,13997,81658,0,2799,16332,과거 분포 합계 0: 발송일수 균등배분,15,2025-12-25,과거백테스트계획,1,높음,1
BDP-041,2026-05-24,2026,사회보험료 통합,혼합형,사회보험,국민건강보험공단(사회보험 통합징수),4,5,달력일,0.2,0,13997,81658,0,2799,16331,과거 분포 합계 0: 발송일수 균등배분,15,2025-12-25,과거백테스트계획,1,높음,1
BDP-041,2026-05-25,2026,사회보험료 통합,혼합형,사회보험,국민건강보험공단(사회보험 통합징수),5,5,달력일,0.2,0,13997,81658,0,2799,16331,과거 분포 합계 0: 발송일수 균등배분,15,2025-12-25,과거백테스트계획,1,높음,0
BDP-042,2026-06-09,2026,제1기분 자동차세,주거형,세금,대전광역시 5개 자치구 세무부서,1,5,영업일,0.0562345655,306230,307058,307887,17221,17267,17314,동일 이벤트 과거 발송분포의 순서별 중앙값,2,2025-06-13,과거백테스트계획,1,보통,1
BDP-042,2026-06-10,2026,제1기분 자동차세,주거형,세금,대전광역시 5개 자치구 세무부서,2,5,영업일,0.3732535607,306230,307058,307887,114302,114611,114920,동일 이벤트 과거 발송분포의 순서별 중앙값,2,2025-06-13,과거백테스트계획,1,보통,1
BDP-042,2026-06-11,2026,제1기분 자동차세,주거형,세금,대전광역시 5개 자치구 세무부서,3,5,영업일,0.3067735928,306230,307058,307887,93943,94197,94452,동일 이벤트 과거 발송분포의 순서별 중앙값,2,2025-06-13,과거백테스트계획,1,보통,1
BDP-042,2026-06-12,2026,제1기분 자동차세,주거형,세금,대전광역시 5개 자치구 세무부서,4,5,영업일,0.2608703456,306230,307058,307887,79886,80102,80318,동일 이벤트 과거 발송분포의 순서별 중앙값,2,2025-06-13,과거백테스트계획,1,보통,1
BDP-042,2026-06-15,2026,제1기분 자동차세,주거형,세금,대전광역시 5개 자치구 세무부서,5,5,영업일,0.0028679353,306230,307058,307887,878,881,883,동일 이벤트 과거 발송분포의 순서별 중앙값,2,2025-06-13,과거백테스트계획,1,보통,1
BDP-043,2026-06-21,2026,사회보험료 통합,혼합형,사회보험,국민건강보험공단(사회보험 통합징수),1,5,달력일,0.2,0,14250,106465,0,2850,21293,과거 분포 합계 0: 발송일수 균등배분,15,2025-12-25,과거백테스트계획,1,높음,0
BDP-043,2026-06-22,2026,사회보험료 통합,혼합형,사회보험,국민건강보험공단(사회보험 통합징수),2,5,달력일,0.2,0,14250,106465,0,2850,21293,과거 분포 합계 0: 발송일수 균등배분,15,2025-12-25,과거백테스트계획,1,높음,1
BDP-043,2026-06-23,2026,사회보험료 통합,혼합형,사회보험,국민건강보험공단(사회보험 통합징수),3,5,달력일,0.2,0,14250,106465,0,2850,21293,과거 분포 합계 0: 발송일수 균등배분,15,2025-12-25,과거백테스트계획,1,높음,1
BDP-043,2026-06-24,2026,사회보험료 통합,혼합형,사회보험,국민건강보험공단(사회보험 통합징수),4,5,달력일,0.2,0,14250,106465,0,2850,21293,과거 분포 합계 0: 발송일수 균등배분,15,2025-12-25,과거백테스트계획,1,높음,1
BDP-043,2026-06-25,2026,사회보험료 통합,혼합형,사회보험,국민건강보험공단(사회보험 통합징수),5,5,달력일,0.2,0,14250,106465,0,2850,21293,과거 분포 합계 0: 발송일수 균등배분,15,2025-12-25,과거백테스트계획,1,높음,1
BDP-044,2026-07-09,2026,재산세(건축),주거형(혼합),세금,대전광역시 5개 자치구 세무부서,1,5,영업일,0.0,444511,448800,453088,0,0,0,동일 이벤트 과거 발송분포의 순서별 중앙값,2,2025-07-15,미래시나리오,1,보통,0
BDP-044,2026-07-10,2026,재산세(건축),주거형(혼합),세금,대전광역시 5개 자치구 세무부서,2,5,영업일,0.4154295394,444511,448800,453088,184663,186445,188226,동일 이벤트 과거 발송분포의 순서별 중앙값,2,2025-07-15,미래시나리오,1,보통,0
BDP-044,2026-07-13,2026,재산세(건축),주거형(혼합),세금,대전광역시 5개 자치구 세무부서,3,5,영업일,0.1159462293,444511,448800,453088,51539,52037,52534,동일 이벤트 과거 발송분포의 순서별 중앙값,2,2025-07-15,미래시나리오,1,보통,0
BDP-044,2026-07-14,2026,재산세(건축),주거형(혼합),세금,대전광역시 5개 자치구 세무부서,4,5,영업일,0.4686242312,444511,448800,453088,208309,210318,212328,동일 이벤트 과거 발송분포의 순서별 중앙값,2,2025-07-15,미래시나리오,1,보통,0
BDP-044,2026-07-15,2026,재산세(건축),주거형(혼합),세금,대전광역시 5개 자치구 세무부서,5,5,영업일,0.0,444511,448800,453088,0,0,0,동일 이벤트 과거 발송분포의 순서별 중앙값,2,2025-07-15,미래시나리오,1,보통,0
BDP-045,2026-07-21,2026,사회보험료 통합,혼합형,사회보험,국민건강보험공단(사회보험 통합징수),1,5,달력일,0.2,0,15830,105368,0,3166,21074,과거 분포 합계 0: 발송일수 균등배분,15,2025-12-25,미래시나리오,1,높음,0
BDP-045,2026-07-22,2026,사회보험료 통합,혼합형,사회보험,국민건강보험공단(사회보험 통합징수),2,5,달력일,0.2,0,15830,105368,0,3166,21074,과거 분포 합계 0: 발송일수 균등배분,15,2025-12-25,미래시나리오,1,높음,0
BDP-045,2026-07-23,2026,사회보험료 통합,혼합형,사회보험,국민건강보험공단(사회보험 통합징수),3,5,달력일,0.2,0,15830,105368,0,3166,21074,과거 분포 합계 0: 발송일수 균등배분,15,2025-12-25,미래시나리오,1,높음,0
BDP-045,2026-07-24,2026,사회보험료 통합,혼합형,사회보험,국민건강보험공단(사회보험 통합징수),4,5,달력일,0.2,0,15830,105368,0,3166,21073,과거 분포 합계 0: 발송일수 균등배분,15,2025-12-25,미래시나리오,1,높음,0
BDP-045,2026-07-25,2026,사회보험료 통합,혼합형,사회보험,국민건강보험공단(사회보험 통합징수),5,5,달력일,0.2,0,15830,105368,0,3166,21073,과거 분포 합계 0: 발송일수 균등배분,15,2025-12-25,미래시나리오,1,높음,0
BDP-046,2026-07-27,2026,주민세(사업소분),사업체형,세금,대전광역시 5개 자치구 세무부서,1,5,영업일,0.0,0,18295,36590,0,0,0,동일 이벤트 과거 발송분포의 순서별 중앙값,1,2024-07-31,미래시나리오,1,보통,0
BDP-046,2026-07-28,2026,주민세(사업소분),사업체형,세금,대전광역시 5개 자치구 세무부서,2,5,영업일,0.2405575294,0,18295,36590,0,4401,8802,동일 이벤트 과거 발송분포의 순서별 중앙값,1,2024-07-31,미래시나리오,1,보통,0
BDP-046,2026-07-29,2026,주민세(사업소분),사업체형,세금,대전광역시 5개 자치구 세무부서,3,5,영업일,0.0,0,18295,36590,0,0,0,동일 이벤트 과거 발송분포의 순서별 중앙값,1,2024-07-31,미래시나리오,1,보통,0
BDP-046,2026-07-30,2026,주민세(사업소분),사업체형,세금,대전광역시 5개 자치구 세무부서,4,5,영업일,0.0,0,18295,36590,0,0,0,동일 이벤트 과거 발송분포의 순서별 중앙값,1,2024-07-31,미래시나리오,1,보통,0
BDP-046,2026-07-31,2026,주민세(사업소분),사업체형,세금,대전광역시 5개 자치구 세무부서,5,5,영업일,0.7594424706,0,18295,36590,0,13894,27788,동일 이벤트 과거 발송분포의 순서별 중앙값,1,2024-07-31,미래시나리오,1,보통,0
BDP-047,2026-08-10,2026,정기분 주민세,주거형,세금,대전광역시 5개 자치구 세무부서,1,5,영업일,0.0491539056,548094,577929,607765,26941,28407,29874,동일 이벤트 과거 발송분포의 순서별 중앙값,2,2025-08-14,미래시나리오,1,보통,0
BDP-047,2026-08-11,2026,정기분 주민세,주거형,세금,대전광역시 5개 자치구 세무부서,2,5,영업일,0.3255478388,548094,577929,607765,178431,188144,197857,동일 이벤트 과거 발송분포의 순서별 중앙값,2,2025-08-14,미래시나리오,1,보통,0
BDP-047,2026-08-12,2026,정기분 주민세,주거형,세금,대전광역시 5개 자치구 세무부서,3,5,영업일,0.5853455766,548094,577929,607765,320824,338288,355752,동일 이벤트 과거 발송분포의 순서별 중앙값,2,2025-08-14,미래시나리오,1,보통,0
BDP-047,2026-08-13,2026,정기분 주민세,주거형,세금,대전광역시 5개 자치구 세무부서,4,5,영업일,0.0077774139,548094,577929,607765,4263,4495,4727,동일 이벤트 과거 발송분포의 순서별 중앙값,2,2025-08-14,미래시나리오,1,보통,0
BDP-047,2026-08-14,2026,정기분 주민세,주거형,세금,대전광역시 5개 자치구 세무부서,5,5,영업일,0.0321752651,548094,577929,607765,17635,18595,19555,동일 이벤트 과거 발송분포의 순서별 중앙값,2,2025-08-14,미래시나리오,1,보통,0
BDP-048,2026-08-21,2026,사회보험료 통합,혼합형,사회보험,국민건강보험공단(사회보험 통합징수),1,5,달력일,0.2,0,15830,105368,0,3166,21074,과거 분포 합계 0: 발송일수 균등배분,15,2025-12-25,미래시나리오,1,높음,0
BDP-048,2026-08-22,2026,사회보험료 통합,혼합형,사회보험,국민건강보험공단(사회보험 통합징수),2,5,달력일,0.2,0,15830,105368,0,3166,21074,과거 분포 합계 0: 발송일수 균등배분,15,2025-12-25,미래시나리오,1,높음,0
BDP-048,2026-08-23,2026,사회보험료 통합,혼합형,사회보험,국민건강보험공단(사회보험 통합징수),3,5,달력일,0.2,0,15830,105368,0,3166,21074,과거 분포 합계 0: 발송일수 균등배분,15,2025-12-25,미래시나리오,1,높음,0
BDP-048,2026-08-24,2026,사회보험료 통합,혼합형,사회보험,국민건강보험공단(사회보험 통합징수),4,5,달력일,0.2,0,15830,105368,0,3166,21073,과거 분포 합계 0: 발송일수 균등배분,15,2025-12-25,미래시나리오,1,높음,0
BDP-048,2026-08-25,2026,사회보험료 통합,혼합형,사회보험,국민건강보험공단(사회보험 통합징수),5,5,달력일,0.2,0,15830,105368,0,3166,21073,과거 분포 합계 0: 발송일수 균등배분,15,2025-12-25,미래시나리오,1,높음,0
BDP-049,2026-09-09,2026,재산세(토지),주거형(혼합),세금,대전광역시 5개 자치구 세무부서,1,5,영업일,0.0218685617,550905,567497,584089,12048,12410,12773,동일 이벤트 과거 발송분포의 순서별 중앙값,2,2025-09-15,미래시나리오,1,보통,0
BDP-049,2026-09-10,2026,재산세(토지),주거형(혼합),세금,대전광역시 5개 자치구 세무부서,2,5,영업일,0.5379530223,550905,567497,584089,296361,305287,314213,동일 이벤트 과거 발송분포의 순서별 중앙값,2,2025-09-15,미래시나리오,1,보통,0
BDP-049,2026-09-11,2026,재산세(토지),주거형(혼합),세금,대전광역시 5개 자치구 세무부서,3,5,영업일,0.290608795,550905,567497,584089,160098,164920,169741,동일 이벤트 과거 발송분포의 순서별 중앙값,2,2025-09-15,미래시나리오,1,보통,0
BDP-049,2026-09-14,2026,재산세(토지),주거형(혼합),세금,대전광역시 5개 자치구 세무부서,4,5,영업일,0.1428184306,550905,567497,584089,78679,81049,83419,동일 이벤트 과거 발송분포의 순서별 중앙값,2,2025-09-15,미래시나리오,1,보통,0
BDP-049,2026-09-15,2026,재산세(토지),주거형(혼합),세금,대전광역시 5개 자치구 세무부서,5,5,영업일,0.0067511904,550905,567497,584089,3719,3831,3943,동일 이벤트 과거 발송분포의 순서별 중앙값,2,2025-09-15,미래시나리오,1,보통,0
BDP-050,2026-09-21,2026,사회보험료 통합,혼합형,사회보험,국민건강보험공단(사회보험 통합징수),1,5,달력일,0.2,0,15830,105368,0,3166,21074,과거 분포 합계 0: 발송일수 균등배분,15,2025-12-25,미래시나리오,1,높음,0
BDP-050,2026-09-22,2026,사회보험료 통합,혼합형,사회보험,국민건강보험공단(사회보험 통합징수),2,5,달력일,0.2,0,15830,105368,0,3166,21074,과거 분포 합계 0: 발송일수 균등배분,15,2025-12-25,미래시나리오,1,높음,0
BDP-050,2026-09-23,2026,사회보험료 통합,혼합형,사회보험,국민건강보험공단(사회보험 통합징수),3,5,달력일,0.2,0,15830,105368,0,3166,21074,과거 분포 합계 0: 발송일수 균등배분,15,2025-12-25,미래시나리오,1,높음,0
BDP-050,2026-09-24,2026,사회보험료 통합,혼합형,사회보험,국민건강보험공단(사회보험 통합징수),4,5,달력일,0.2,0,15830,105368,0,3166,21073,과거 분포 합계 0: 발송일수 균등배분,15,2025-12-25,미래시나리오,1,높음,0
BDP-050,2026-09-25,2026,사회보험료 통합,혼합형,사회보험,국민건강보험공단(사회보험 통합징수),5,5,달력일,0.2,0,15830,105368,0,3166,21073,과거 분포 합계 0: 발송일수 균등배분,15,2025-12-25,미래시나리오,1,높음,0
BDP-051,2026-10-21,2026,사회보험료 통합,혼합형,사회보험,국민건강보험공단(사회보험 통합징수),1,5,달력일,0.2,0,15830,105368,0,3166,21074,과거 분포 합계 0: 발송일수 균등배분,15,2025-12-25,미래시나리오,1,높음,0
BDP-051,2026-10-22,2026,사회보험료 통합,혼합형,사회보험,국민건강보험공단(사회보험 통합징수),2,5,달력일,0.2,0,15830,105368,0,3166,21074,과거 분포 합계 0: 발송일수 균등배분,15,2025-12-25,미래시나리오,1,높음,0
BDP-051,2026-10-23,2026,사회보험료 통합,혼합형,사회보험,국민건강보험공단(사회보험 통합징수),3,5,달력일,0.2,0,15830,105368,0,3166,21074,과거 분포 합계 0: 발송일수 균등배분,15,2025-12-25,미래시나리오,1,높음,0
BDP-051,2026-10-24,2026,사회보험료 통합,혼합형,사회보험,국민건강보험공단(사회보험 통합징수),4,5,달력일,0.2,0,15830,105368,0,3166,21073,과거 분포 합계 0: 발송일수 균등배분,15,2025-12-25,미래시나리오,1,높음,0
BDP-051,2026-10-25,2026,사회보험료 통합,혼합형,사회보험,국민건강보험공단(사회보험 통합징수),5,5,달력일,0.2,0,15830,105368,0,3166,21073,과거 분포 합계 0: 발송일수 균등배분,15,2025-12-25,미래시나리오,1,높음,0
BDP-052,2026-11-21,2026,사회보험료 통합,혼합형,사회보험,국민건강보험공단(사회보험 통합징수),1,5,달력일,0.2,0,15830,105368,0,3166,21074,과거 분포 합계 0: 발송일수 균등배분,15,2025-12-25,미래시나리오,1,높음,0
BDP-052,2026-11-22,2026,사회보험료 통합,혼합형,사회보험,국민건강보험공단(사회보험 통합징수),2,5,달력일,0.2,0,15830,105368,0,3166,21074,과거 분포 합계 0: 발송일수 균등배분,15,2025-12-25,미래시나리오,1,높음,0
BDP-052,2026-11-23,2026,사회보험료 통합,혼합형,사회보험,국민건강보험공단(사회보험 통합징수),3,5,달력일,0.2,0,15830,105368,0,3166,21074,과거 분포 합계 0: 발송일수 균등배분,15,2025-12-25,미래시나리오,1,높음,0
BDP-052,2026-11-24,2026,사회보험료 통합,혼합형,사회보험,국민건강보험공단(사회보험 통합징수),4,5,달력일,0.2,0,15830,105368,0,3166,21073,과거 분포 합계 0: 발송일수 균등배분,15,2025-12-25,미래시나리오,1,높음,0
BDP-052,2026-11-25,2026,사회보험료 통합,혼합형,사회보험,국민건강보험공단(사회보험 통합징수),5,5,달력일,0.2,0,15830,105368,0,3166,21073,과거 분포 합계 0: 발송일수 균등배분,15,2025-12-25,미래시나리오,1,높음,0
BDP-053,2026-12-09,2026,제2기분 자동차세,주거형,세금,대전광역시 5개 자치구 세무부서,1,5,영업일,0.0383874647,252088,301420,350753,9677,11571,13464,동일 이벤트 과거 발송분포의 순서별 중앙값,2,2025-12-15,미래시나리오,1,보통,0
BDP-053,2026-12-10,2026,제2기분 자동차세,주거형,세금,대전광역시 5개 자치구 세무부서,2,5,영업일,0.0819834736,252088,301420,350753,20667,24712,28756,동일 이벤트 과거 발송분포의 순서별 중앙값,2,2025-12-15,미래시나리오,1,보통,0
BDP-053,2026-12-11,2026,제2기분 자동차세,주거형,세금,대전광역시 5개 자치구 세무부서,3,5,영업일,0.2954552391,252088,301420,350753,74481,89056,103632,동일 이벤트 과거 발송분포의 순서별 중앙값,2,2025-12-15,미래시나리오,1,보통,0
BDP-053,2026-12-14,2026,제2기분 자동차세,주거형,세금,대전광역시 5개 자치구 세무부서,4,5,영업일,0.4894012904,252088,301420,350753,123372,147515,171659,동일 이벤트 과거 발송분포의 순서별 중앙값,2,2025-12-15,미래시나리오,1,보통,0
BDP-053,2026-12-15,2026,제2기분 자동차세,주거형,세금,대전광역시 5개 자치구 세무부서,5,5,영업일,0.0947725322,252088,301420,350753,23891,28566,33242,동일 이벤트 과거 발송분포의 순서별 중앙값,2,2025-12-15,미래시나리오,1,보통,0
BDP-054,2026-12-21,2026,사회보험료 통합,혼합형,사회보험,국민건강보험공단(사회보험 통합징수),1,5,달력일,0.2,0,15830,105368,0,3166,21074,과거 분포 합계 0: 발송일수 균등배분,15,2025-12-25,미래시나리오,1,높음,0
BDP-054,2026-12-22,2026,사회보험료 통합,혼합형,사회보험,국민건강보험공단(사회보험 통합징수),2,5,달력일,0.2,0,15830,105368,0,3166,21074,과거 분포 합계 0: 발송일수 균등배분,15,2025-12-25,미래시나리오,1,높음,0
BDP-054,2026-12-23,2026,사회보험료 통합,혼합형,사회보험,국민건강보험공단(사회보험 통합징수),3,5,달력일,0.2,0,15830,105368,0,3166,21074,과거 분포 합계 0: 발송일수 균등배분,15,2025-12-25,미래시나리오,1,높음,0
BDP-054,2026-12-24,2026,사회보험료 통합,혼합형,사회보험,국민건강보험공단(사회보험 통합징수),4,5,달력일,0.2,0,15830,105368,0,3166,21073,과거 분포 합계 0: 발송일수 균등배분,15,2025-12-25,미래시나리오,1,높음,0
BDP-054,2026-12-25,2026,사회보험료 통합,혼합형,사회보험,국민건강보험공단(사회보험 통합징수),5,5,달력일,0.2,0,15830,105368,0,3166,21073,과거 분포 합계 0: 발송일수 균등배분,15,2025-12-25,미래시나리오,1,높음,0
