접수일자,data_split,접수지역,접수통수,요일,제1기분 자동차세,재산세(건축),정기분 주민세,주민세(사업소분),재산세(토지),제2기분 자동차세,사회보험료 통합,event_count,is_event,month,day,weekday_월,weekday_화,weekday_수,weekday_목,weekday_금,weekday_토,weekday_일,days_since_prev,lag_1,lag_5,rolling_mean_5,rolling_mean_20
2024-01-30,train,대전광역시,92571,화,0,0,0,0,0,0,0,0,0,1,30,0,1,0,0,0,0,0,1,94855.0,34096.0,56009.6,84579.7
2024-01-31,train,대전광역시,64407,수,0,0,0,0,0,0,0,0,0,1,31,0,0,1,0,0,0,0,1,92571.0,58701.0,67704.6,84944.9
2024-02-01,train,대전광역시,62954,목,0,0,0,0,0,0,0,0,0,2,1,0,0,0,1,0,0,0,1,64407.0,42462.0,68845.8,82229.35
2024-02-02,train,대전광역시,78320,금,0,0,0,0,0,0,0,0,0,2,2,0,0,0,0,1,0,0,1,62954.0,49934.0,72944.2,80707.95
2024-02-05,train,대전광역시,165497,월,0,0,0,0,0,0,0,0,0,2,5,1,0,0,0,0,0,0,3,78320.0,94855.0,78621.4,81734.55
2024-02-06,train,대전광역시,106812,화,0,0,0,0,0,0,0,0,0,2,6,0,1,0,0,0,0,0,1,165497.0,92571.0,92749.8,85926.8
2024-02-07,train,대전광역시,69412,수,0,0,0,0,0,0,0,0,0,2,7,0,0,1,0,0,0,0,1,106812.0,64407.0,95598.0,88624.2
2024-02-08,train,대전광역시,30791,목,0,0,0,0,0,0,0,0,0,2,8,0,0,0,1,0,0,0,1,69412.0,62954.0,96599.0,88144.35
2024-02-13,train,대전광역시,118992,화,0,0,0,0,0,0,0,0,0,2,13,0,1,0,0,0,0,0,5,30791.0,78320.0,90166.4,75593.3
2024-02-14,train,대전광역시,66041,수,0,0,0,0,0,0,0,0,0,2,14,0,0,1,0,0,0,0,1,118992.0,165497.0,98300.8,74546.7
2024-02-15,train,대전광역시,109941,목,0,0,0,0,0,0,0,0,0,2,15,0,0,0,1,0,0,0,1,66041.0,106812.0,78409.6,73493.9
2024-02-16,train,대전광역시,130544,금,0,0,0,0,0,0,0,0,0,2,16,0,0,0,0,1,0,0,1,109941.0,69412.0,79035.4,77012.0
2024-02-19,train,대전광역시,91634,월,0,0,0,0,0,0,0,0,0,2,19,1,0,0,0,0,0,0,3,130544.0,30791.0,91261.8,81401.1
2024-02-20,train,대전광역시,64353,화,0,0,0,0,0,0,0,0,0,2,20,0,1,0,0,0,0,0,1,91634.0,118992.0,103430.4,81618.35
2024-02-21,train,대전광역시,67161,수,0,0,0,0,0,0,1,1,1,2,21,0,0,1,0,0,0,0,1,64353.0,66041.0,92502.6,79994.25
2024-02-22,train,대전광역시,158714,목,0,0,0,0,0,0,1,1,1,2,22,0,0,0,1,0,0,0,1,67161.0,109941.0,92726.6,79973.9
2024-02-23,train,대전광역시,38327,금,0,0,0,0,0,0,1,1,1,2,23,0,0,0,0,1,0,0,1,158714.0,130544.0,102481.2,86204.8
2024-02-26,train,대전광역시,68316,월,0,0,0,0,0,0,0,0,0,2,26,1,0,0,0,0,0,0,3,38327.0,91634.0,84037.8,85186.1
2024-02-27,train,대전광역시,40872,화,0,0,0,0,0,0,0,0,0,2,27,0,1,0,0,0,0,0,1,68316.0,64353.0,79374.2,86478.8
2024-02-28,train,대전광역시,70031,수,0,0,0,0,0,0,0,0,0,2,28,0,0,1,0,0,0,0,1,40872.0,67161.0,74678.0,86025.7
2024-02-29,train,대전광역시,132575,목,0,0,0,0,0,0,0,0,0,2,29,0,0,0,1,0,0,0,1,70031.0,158714.0,75252.0,84784.5
2024-03-04,train,대전광역시,151341,월,0,0,0,0,0,0,0,0,0,3,4,1,0,0,0,0,0,0,4,132575.0,38327.0,70024.2,86784.7
2024-03-05,train,대전광역시,88599,화,0,0,0,0,0,0,0,0,0,3,5,0,1,0,0,0,0,0,1,151341.0,68316.0,92627.0,91131.4
2024-03-06,train,대전광역시,132580,수,0,0,0,0,0,0,0,0,0,3,6,0,0,1,0,0,0,0,1,88599.0,40872.0,96683.6,92413.65
2024-03-07,train,대전광역시,114981,목,0,0,0,0,0,0,0,0,0,3,7,0,0,0,1,0,0,0,1,132580.0,70031.0,115025.2,95126.65
2024-03-08,train,대전광역시,40932,금,0,0,0,0,0,0,0,0,0,3,8,0,0,0,0,1,0,0,1,114981.0,132575.0,124015.2,92600.85
2024-03-11,train,대전광역시,131458,월,0,0,0,0,0,0,0,0,0,3,11,1,0,0,0,0,0,0,3,40932.0,151341.0,105686.6,89306.85
2024-03-12,train,대전광역시,79671,화,0,0,0,0,0,0,0,0,0,3,12,0,1,0,0,0,0,0,1,131458.0,88599.0,101710.0,92409.15
2024-03-13,train,대전광역시,113881,수,0,0,0,0,0,0,0,0,0,3,13,0,0,1,0,0,0,0,1,79671.0,132580.0,99924.4,94853.15
2024-03-14,train,대전광역시,154502,목,0,0,0,0,0,0,0,0,0,3,14,0,0,0,1,0,0,0,1,113881.0,114981.0,96184.6,94597.6
2024-03-15,train,대전광역시,104741,금,0,0,0,0,0,0,0,0,0,3,15,0,0,0,0,1,0,0,1,154502.0,40932.0,104088.8,99020.65
2024-03-18,train,대전광역시,148801,월,0,0,0,0,0,0,0,0,0,3,18,1,0,0,0,0,0,0,3,104741.0,131458.0,116850.6,98760.65
2024-03-19,train,대전광역시,91742,화,0,0,0,0,0,0,0,0,0,3,19,0,1,0,0,0,0,0,1,148801.0,79671.0,120319.2,99673.5
2024-03-20,train,대전광역시,101139,수,0,0,0,0,0,0,0,0,0,3,20,0,0,1,0,0,0,0,1,91742.0,113881.0,122733.4,99678.9
2024-03-21,train,대전광역시,97861,목,0,0,0,0,0,0,1,1,1,3,21,0,0,0,1,0,0,0,1,101139.0,154502.0,120185.0,101518.2
2024-03-22,train,대전광역시,66990,금,0,0,0,0,0,0,1,1,1,3,22,0,0,0,0,1,0,0,1,97861.0,104741.0,108856.8,103053.2
2024-03-25,train,대전광역시,84439,월,0,0,0,0,0,0,1,1,1,3,25,1,0,0,0,0,0,0,3,66990.0,148801.0,101306.6,98467.0
2024-03-26,train,대전광역시,62777,화,0,0,0,0,0,0,0,0,0,3,26,0,1,0,0,0,0,0,1,84439.0,91742.0,88434.2,100772.6
2024-03-27,train,대전광역시,104513,수,0,0,0,0,0,0,0,0,0,3,27,0,0,1,0,0,0,0,1,62777.0,101139.0,82641.2,100495.65
2024-03-28,train,대전광역시,49931,목,0,0,0,0,0,0,0,0,0,3,28,0,0,0,1,0,0,0,1,104513.0,97861.0,83316.0,103677.7
2024-03-29,train,대전광역시,66656,금,0,0,0,0,0,0,0,0,0,3,29,0,0,0,0,1,0,0,1,49931.0,66990.0,73730.0,102672.7
2024-03-30,train,대전광역시,678618,토,0,0,0,0,0,0,0,0,0,3,30,0,0,0,0,0,1,0,1,66656.0,84439.0,73663.2,99376.75
2024-03-31,train,대전광역시,4922,일,0,0,0,0,0,0,0,0,0,3,31,0,0,0,0,0,0,1,1,678618.0,62777.0,192499.0,125740.6
2024-04-01,train,대전광역시,119711,월,0,0,0,0,0,0,0,0,0,4,1,1,0,0,0,0,0,0,1,4922.0,104513.0,180928.0,121556.75
2024-04-02,train,대전광역시,41579,화,0,0,0,0,0,0,0,0,0,4,2,0,1,0,0,0,0,0,1,119711.0,49931.0,183967.6,120913.3
2024-04-03,train,대전광역시,157298,수,0,0,0,0,0,0,0,0,0,4,3,0,0,1,0,0,0,0,1,41579.0,66656.0,182297.2,117243.2
2024-04-04,train,대전광역시,70474,목,0,0,0,0,0,0,0,0,0,4,4,0,0,0,1,0,0,0,1,157298.0,678618.0,200425.6,123061.5
2024-04-05,train,대전광역시,31957,금,0,0,0,0,0,0,0,0,0,4,5,0,0,0,0,1,0,0,1,70474.0,4922.0,78796.8,120012.3
2024-04-08,train,대전광역시,85370,월,0,0,0,0,0,0,0,0,0,4,8,1,0,0,0,0,0,0,3,31957.0,119711.0,84203.8,117626.6
2024-04-09,train,대전광역시,37625,화,0,0,0,0,0,0,0,0,0,4,9,0,1,0,0,0,0,0,1,85370.0,41579.0,77335.6,116201.05
2024-04-11,train,대전광역시,117585,목,0,0,0,0,0,0,0,0,0,4,11,0,0,0,1,0,0,0,2,37625.0,157298.0,76544.8,110357.2
2024-04-12,train,대전광역시,66266,금,0,0,0,0,0,0,0,0,0,4,12,0,0,0,0,1,0,0,1,117585.0,70474.0,68602.2,110999.4
2024-04-15,train,대전광역시,174085,월,0,0,0,0,0,0,0,0,0,4,15,1,0,0,0,0,0,0,3,66266.0,31957.0,67760.6,106872.65
2024-04-16,train,대전광역시,78281,화,0,0,0,0,0,0,0,0,0,4,16,0,1,0,0,0,0,0,1,174085.0,85370.0,96186.2,110989.8
2024-04-17,train,대전광역시,68181,수,0,0,0,0,0,0,0,0,0,4,17,0,0,1,0,0,0,0,1,78281.0,37625.0,94768.4,109846.9
2024-04-18,train,대전광역시,142425,목,0,0,0,0,0,0,0,0,0,4,18,0,0,0,1,0,0,0,1,68181.0,117585.0,100879.6,108362.9
2024-04-19,train,대전광역시,30000,금,0,0,0,0,0,0,0,0,0,4,19,0,0,0,0,1,0,0,1,142425.0,66266.0,105847.6,112134.65
2024-04-22,train,대전광역시,139328,월,0,0,0,0,0,0,1,1,1,4,22,1,0,0,0,0,0,0,3,30000.0,174085.0,98594.4,109412.7
2024-04-23,train,대전광역시,21388,화,0,0,0,0,0,0,1,1,1,4,23,0,1,0,0,0,0,0,1,139328.0,78281.0,91643.0,113240.25
2024-04-24,train,대전광역시,35980,수,0,0,0,0,0,0,1,1,1,4,24,0,0,1,0,0,0,0,1,21388.0,68181.0,80264.4,109084.0
2024-04-25,train,대전광역시,95879,목,0,0,0,0,0,0,1,1,1,4,25,0,0,0,1,0,0,0,1,35980.0,142425.0,73824.2,108386.45
2024-04-26,train,대전광역시,82726,금,0,0,0,0,0,0,0,0,0,4,26,0,0,0,0,1,0,0,1,95879.0,30000.0,64515.0,109847.6
2024-04-29,train,대전광역시,109719,월,0,0,0,0,0,0,0,0,0,4,29,1,0,0,0,0,0,0,3,82726.0,139328.0,75060.2,80053.0
2024-04-30,train,대전광역시,83646,화,0,0,0,0,0,0,0,0,0,4,30,0,1,0,0,0,0,0,1,109719.0,21388.0,69138.4,85292.85
2024-05-01,train,대전광역시,9142,수,0,0,0,0,0,0,0,0,0,5,1,0,0,1,0,0,0,0,1,83646.0,35980.0,81590.0,83489.6
2024-05-02,train,대전광역시,110974,목,0,0,0,0,0,0,0,0,0,5,2,0,0,0,1,0,0,0,1,9142.0,95879.0,76222.4,81867.75
2024-05-03,train,대전광역시,74344,금,0,0,0,0,0,0,0,0,0,5,3,0,0,0,0,1,0,0,1,110974.0,82726.0,79241.4,79551.55
2024-05-07,train,대전광역시,111063,화,0,0,0,0,0,0,0,0,0,5,7,0,1,0,0,0,0,0,4,74344.0,109719.0,77565.0,79745.05
2024-05-08,train,대전광역시,38634,수,0,0,0,0,0,0,0,0,0,5,8,0,0,1,0,0,0,0,1,111063.0,83646.0,77833.8,83700.35
2024-05-09,train,대전광역시,122858,목,0,0,0,0,0,0,0,0,0,5,9,0,0,0,1,0,0,0,1,38634.0,9142.0,68831.4,81363.55
2024-05-10,train,대전광역시,44880,금,0,0,0,0,0,0,0,0,0,5,10,0,0,0,0,1,0,0,1,122858.0,110974.0,91574.6,85625.2
2024-05-13,train,대전광역시,150737,월,0,0,0,0,0,0,0,0,0,5,13,1,0,0,0,0,0,0,3,44880.0,74344.0,78355.8,81989.95
2024-05-14,train,대전광역시,94812,화,0,0,0,0,0,0,0,0,0,5,14,0,1,0,0,0,0,0,1,150737.0,111063.0,93634.4,86213.5
2024-05-16,train,대전광역시,132588,목,0,0,0,0,0,0,0,0,0,5,16,0,0,0,1,0,0,0,2,94812.0,38634.0,90384.2,82249.85
2024-05-17,train,대전광역시,51055,금,0,0,0,0,0,0,0,0,0,5,17,0,0,0,0,1,0,0,1,132588.0,122858.0,109175.0,84965.2
2024-05-20,train,대전광역시,116473,월,0,0,0,0,0,0,0,0,0,5,20,1,0,0,0,0,0,0,3,51055.0,44880.0,94814.4,84108.9
2024-05-21,train,대전광역시,65905,화,0,0,0,0,0,0,1,1,1,5,21,0,1,0,0,0,0,0,1,116473.0,150737.0,109133.0,82811.3
2024-05-22,train,대전광역시,53421,수,0,0,0,0,0,0,1,1,1,5,22,0,0,1,0,0,0,0,1,65905.0,94812.0,92166.6,84606.55
2024-05-23,train,대전광역시,113137,목,0,0,0,0,0,0,1,1,1,5,23,0,0,0,1,0,0,0,1,53421.0,132588.0,83888.4,80311.2
2024-05-24,train,대전광역시,30678,금,0,0,0,0,0,0,1,1,1,5,24,0,0,0,0,1,0,0,1,113137.0,51055.0,79998.2,84898.65
2024-05-27,train,대전광역시,100685,월,0,0,0,0,0,0,0,0,0,5,27,1,0,0,0,0,0,0,3,30678.0,116473.0,75922.8,84633.55
2024-05-28,train,대전광역시,98035,화,0,0,0,0,0,0,0,0,0,5,28,0,1,0,0,0,0,0,1,100685.0,65905.0,72765.2,84873.85
2024-05-29,train,대전광역시,24357,수,0,0,0,0,0,0,0,0,0,5,29,0,0,1,0,0,0,0,1,98035.0,53421.0,79191.2,85639.3
2024-05-30,train,대전광역시,124563,목,0,0,0,0,0,0,0,0,0,5,30,0,0,0,1,0,0,0,1,24357.0,113137.0,73378.4,81371.2
2024-05-31,train,대전광역시,28393,금,0,0,0,0,0,0,0,0,0,5,31,0,0,0,0,1,0,0,1,124563.0,30678.0,75663.6,83417.05
2024-06-03,train,대전광역시,156184,월,0,0,0,0,0,0,0,0,0,6,3,1,0,0,0,0,0,0,3,28393.0,100685.0,75206.6,84379.6
2024-06-04,train,대전광역시,45874,화,0,0,0,0,0,0,0,0,0,6,4,0,1,0,0,0,0,0,1,156184.0,98035.0,86306.4,86640.1
2024-06-05,train,대전광역시,103855,수,0,0,0,0,0,0,0,0,0,6,5,0,0,1,0,0,0,0,1,45874.0,24357.0,75874.2,85216.6
2024-06-07,train,대전광역시,109636,금,0,0,0,0,0,0,0,0,0,6,7,0,0,0,0,1,0,0,2,103855.0,124563.0,91773.8,84856.2
2024-06-10,train,대전광역시,148638,월,1,0,0,0,0,0,0,1,1,6,10,1,0,0,0,0,0,0,3,109636.0,28393.0,88788.4,88406.3
2024-06-11,train,대전광역시,193298,화,1,0,0,0,0,0,0,1,1,6,11,0,1,0,0,0,0,0,1,148638.0,156184.0,112837.4,89695.3
2024-06-12,train,대전광역시,88486,수,1,0,0,0,0,0,0,1,1,6,12,0,0,1,0,0,0,0,1,193298.0,45874.0,120260.2,97116.2
2024-06-13,train,대전광역시,279745,목,1,0,0,0,0,0,0,1,1,6,13,0,0,0,1,0,0,0,1,88486.0,103855.0,128782.6,94003.65
2024-06-14,train,대전광역시,47301,금,1,0,0,0,0,0,0,1,1,6,14,0,0,0,0,1,0,0,1,279745.0,109636.0,163960.6,103250.3
2024-06-17,train,대전광역시,81880,월,0,0,0,0,0,0,0,0,0,6,17,1,0,0,0,0,0,0,3,47301.0,148638.0,151493.6,98985.95
2024-06-18,train,대전광역시,84484,화,0,0,0,0,0,0,0,0,0,6,18,0,1,0,0,0,0,0,1,81880.0,193298.0,138142.0,100527.2
2024-06-19,train,대전광역시,39900,수,0,0,0,0,0,0,0,0,0,6,19,0,0,1,0,0,0,0,1,84484.0,88486.0,116379.2,98927.75
2024-06-20,train,대전광역시,55804,목,0,0,0,0,0,0,0,0,0,6,20,0,0,0,1,0,0,0,1,39900.0,279745.0,106662.0,97627.5
2024-06-21,train,대전광역시,33070,금,0,0,0,0,0,0,1,1,1,6,21,0,0,0,0,1,0,0,1,55804.0,47301.0,61873.8,97746.65
2024-06-24,train,대전광역시,99101,월,0,0,0,0,0,0,1,1,1,6,24,1,0,0,0,0,0,0,3,33070.0,81880.0,59027.6,93743.3
2024-06-25,train,대전광역시,49060,화,0,0,0,0,0,0,1,1,1,6,25,0,1,0,0,0,0,0,1,99101.0,84484.0,62471.8,97164.45
2024-06-26,train,대전광역시,56289,수,0,0,0,0,0,0,0,0,0,6,26,0,0,1,0,0,0,0,1,49060.0,39900.0,55387.0,94583.2
2024-06-27,train,대전광역시,48718,목,0,0,0,0,0,0,0,0,0,6,27,0,0,0,1,0,0,0,1,56289.0,55804.0,58664.8,92495.9
2024-06-28,train,대전광역시,38982,금,0,0,0,0,0,0,0,0,0,6,28,0,0,0,0,1,0,0,1,48718.0,33070.0,57247.6,93713.95
2024-07-01,train,대전광역시,90743,월,0,0,0,0,0,0,0,0,0,7,1,1,0,0,0,0,0,0,3,38982.0,99101.0,58430.0,89434.9
2024-07-02,train,대전광역시,33906,화,0,0,0,0,0,0,0,0,0,7,2,0,1,0,0,0,0,0,1,90743.0,49060.0,56758.4,92552.4
2024-07-03,train,대전광역시,103915,수,0,0,0,0,0,0,0,0,0,7,3,0,0,1,0,0,0,0,1,33906.0,56289.0,53727.6,86438.5
2024-07-04,train,대전광역시,35704,목,0,0,0,0,0,0,0,0,0,7,4,0,0,0,1,0,0,0,1,103915.0,48718.0,63252.8,89340.55
2024-07-05,train,대전광역시,45724,금,0,0,0,0,0,0,0,0,0,7,5,0,0,0,0,1,0,0,1,35704.0,38982.0,60650.0,85933.0
2024-07-08,train,대전광역시,116992,월,0,0,0,0,0,0,0,0,0,7,8,1,0,0,0,0,0,0,3,45724.0,90743.0,61998.4,82737.4
2024-07-09,train,대전광역시,38398,화,0,1,0,0,0,0,0,1,1,7,9,0,1,0,0,0,0,0,1,116992.0,33906.0,67248.2,81155.1
2024-07-10,train,대전광역시,36691,수,0,1,0,0,0,0,0,1,1,7,10,0,0,1,0,0,0,0,1,38398.0,103915.0,68146.6,73410.1
2024-07-11,train,대전광역시,145348,목,0,1,0,0,0,0,0,1,1,7,11,0,0,0,1,0,0,0,1,36691.0,35704.0,54701.8,70820.35
2024-07-12,train,대전광역시,473046,금,0,1,0,0,0,0,0,1,1,7,12,0,0,0,0,1,0,0,1,145348.0,45724.0,76630.6,64100.5
2024-07-15,train,대전광역시,89492,월,0,1,0,0,0,0,0,1,1,7,15,1,0,0,0,0,0,0,3,473046.0,116992.0,162095.0,85387.75
2024-07-16,train,대전광역시,33677,화,0,0,0,0,0,0,0,0,0,7,16,0,1,0,0,0,0,0,1,89492.0,38398.0,156595.0,85768.35
2024-07-17,train,대전광역시,25702,수,0,0,0,0,0,0,0,0,0,7,17,0,0,1,0,0,0,0,1,33677.0,36691.0,155650.8,83228.0
2024-07-18,train,대전광역시,38443,목,0,0,0,0,0,0,0,0,0,7,18,0,0,0,1,0,0,0,1,25702.0,145348.0,153453.0,82518.1
2024-07-19,train,대전광역시,41444,금,0,0,0,0,0,0,0,0,0,7,19,0,0,0,0,1,0,0,1,38443.0,473046.0,132072.0,81650.05
2024-07-22,train,대전광역시,86161,월,0,0,0,0,0,0,1,1,1,7,22,1,0,0,0,0,0,0,3,41444.0,89492.0,45751.6,82068.75
2024-07-23,train,대전광역시,43038,화,0,0,0,0,0,0,1,1,1,7,23,0,1,0,0,0,0,0,1,86161.0,33677.0,45085.4,81421.75
2024-07-24,train,대전광역시,32414,수,0,0,0,0,0,0,1,1,1,7,24,0,0,1,0,0,0,0,1,43038.0,25702.0,46957.6,81120.65
2024-07-25,train,대전광역시,58185,목,0,0,0,1,0,0,1,2,1,7,25,0,0,0,1,0,0,0,1,32414.0,38443.0,48300.0,79926.9
2024-07-26,train,대전광역시,54104,금,0,0,0,1,0,0,0,1,1,7,26,0,0,0,0,1,0,0,1,58185.0,41444.0,52248.4,80400.25
2024-07-29,train,대전광역시,43947,월,0,0,0,1,0,0,0,1,1,7,29,1,0,0,0,0,0,0,3,54104.0,86161.0,54780.4,81156.35
2024-07-30,train,대전광역시,31890,화,0,0,0,1,0,0,0,1,1,7,30,0,1,0,0,0,0,0,1,43947.0,43038.0,46337.6,78816.55
2024-07-31,train,대전광역시,67055,수,0,0,0,1,0,0,0,1,1,7,31,0,0,1,0,0,0,0,1,31890.0,32414.0,44108.0,78715.75
2024-08-01,train,대전광역시,33038,목,0,0,0,0,0,0,0,0,0,8,1,0,0,0,1,0,0,0,1,67055.0,58185.0,51036.2,76872.75
2024-08-02,train,대전광역시,81866,금,0,0,0,0,0,0,0,0,0,8,2,0,0,0,0,1,0,0,1,33038.0,54104.0,46006.8,76739.45
2024-08-05,train,대전광역시,72540,월,0,0,0,0,0,0,0,0,0,8,5,1,0,0,0,0,0,0,3,81866.0,43947.0,51559.2,78546.55
2024-08-06,train,대전광역시,70540,화,0,0,0,0,0,0,0,0,0,8,6,0,1,0,0,0,0,0,1,72540.0,31890.0,57277.8,76323.95
2024-08-07,train,대전광역시,22028,수,0,0,0,0,0,0,0,0,0,8,7,0,0,1,0,0,0,0,1,70540.0,67055.0,65007.8,77931.05
2024-08-08,train,대전광역시,61541,목,0,0,1,0,0,0,0,1,1,8,8,0,0,0,1,0,0,0,1,22028.0,33038.0,56002.4,77197.9
2024-08-09,train,대전광역시,92003,금,0,0,1,0,0,0,0,1,1,8,9,0,0,0,0,1,0,0,1,61541.0,81866.0,61703.0,73007.55
2024-08-12,train,대전광역시,621253,월,0,0,1,0,0,0,0,1,1,8,12,1,0,0,0,0,0,0,3,92003.0,72540.0,63730.4,53955.4
2024-08-13,train,대전광역시,76977,화,0,0,1,0,0,0,0,1,1,8,13,0,1,0,0,0,0,0,1,621253.0,70540.0,173473.0,80543.45
2024-08-14,train,대전광역시,78377,수,0,0,1,0,0,0,0,1,1,8,14,0,0,1,0,0,0,0,1,76977.0,22028.0,174760.4,82708.45
2024-08-16,train,대전광역시,55452,금,0,0,0,0,0,0,0,0,0,8,16,0,0,0,0,1,0,0,2,78377.0,61541.0,186030.2,85342.2
2024-08-19,train,대전광역시,80921,월,0,0,0,0,0,0,0,0,0,8,19,1,0,0,0,0,0,0,3,55452.0,92003.0,184812.4,86192.65
2024-08-20,train,대전광역시,54883,화,0,0,0,0,0,0,0,0,0,8,20,0,1,0,0,0,0,0,1,80921.0,621253.0,182596.0,88166.5
2024-08-21,train,대전광역시,26517,수,0,0,0,0,0,0,1,1,1,8,21,0,0,1,0,0,0,0,1,54883.0,76977.0,69322.0,86602.6
2024-08-22,train,대전광역시,137297,목,0,0,0,0,0,0,1,1,1,8,22,0,0,0,1,0,0,0,1,26517.0,78377.0,59230.0,85776.55
2024-08-23,train,대전광역시,78597,금,0,0,0,0,0,0,1,1,1,8,23,0,0,0,0,1,0,0,1,137297.0,55452.0,71014.0,91020.7
2024-08-26,train,대전광역시,96543,월,0,0,0,0,0,0,0,0,0,8,26,1,0,0,0,0,0,0,3,78597.0,80921.0,75643.0,92041.3
2024-08-27,train,대전광역시,105561,화,0,0,0,0,0,0,0,0,0,8,27,0,1,0,0,0,0,0,1,96543.0,54883.0,78767.4,94163.25
2024-08-28,train,대전광역시,35717,수,0,0,0,0,0,0,0,0,0,8,28,0,0,1,0,0,0,0,1,105561.0,26517.0,88903.0,97243.95
2024-08-29,train,대전광역시,113106,목,0,0,0,0,0,0,0,0,0,8,29,0,0,0,1,0,0,0,1,35717.0,137297.0,90743.0,97435.3
2024-08-30,train,대전광역시,31773,금,0,0,0,0,0,0,0,0,0,8,30,0,0,0,0,1,0,0,1,113106.0,78597.0,85904.8,99737.85
2024-09-02,train,대전광역시,109771,월,0,0,0,0,0,0,0,0,0,9,2,1,0,0,0,0,0,0,3,31773.0,96543.0,76540.0,99674.6
2024-09-03,train,대전광역시,56270,화,0,0,0,0,0,0,0,0,0,9,3,0,1,0,0,0,0,0,1,109771.0,105561.0,79185.6,101069.85
2024-09-04,train,대전광역시,101600,수,0,0,0,0,0,0,0,0,0,9,4,0,0,1,0,0,0,0,1,56270.0,35717.0,69327.4,100256.35
2024-09-05,train,대전광역시,103344,목,0,0,0,0,0,0,0,0,0,9,5,0,0,0,1,0,0,0,1,101600.0,113106.0,82504.0,101809.35
2024-09-06,train,대전광역시,67473,금,0,0,0,0,0,0,0,0,0,9,6,0,0,0,0,1,0,0,1,103344.0,31773.0,80551.6,105875.15
2024-09-09,train,대전광역시,117738,월,0,1,0,0,0,0,0,1,1,9,9,1,0,0,0,0,0,0,3,67473.0,109771.0,87691.6,106171.75
2024-09-10,train,대전광역시,439875,화,0,1,0,0,0,0,0,1,1,9,10,0,1,0,0,0,0,0,1,117738.0,56270.0,89285.0,107458.5
2024-09-11,train,대전광역시,101490,수,0,1,0,0,0,0,0,1,1,9,11,0,0,1,0,0,0,0,1,439875.0,101600.0,166006.0,98389.6
2024-09-12,train,대전광역시,137333,목,0,1,0,0,0,0,0,1,1,9,12,0,0,0,1,0,0,0,1,101490.0,103344.0,165984.0,99615.25
2024-09-13,train,대전광역시,54632,금,0,1,0,0,0,0,0,1,1,9,13,0,0,0,0,1,0,0,1,137333.0,67473.0,172781.8,102563.05
2024-09-19,train,대전광역시,153979,목,0,0,0,0,0,0,0,0,0,9,19,0,0,0,1,0,0,0,6,54632.0,117738.0,170213.6,102522.05
2024-09-20,train,대전광역시,45379,금,0,0,0,0,0,0,0,0,0,9,20,0,0,0,0,1,0,0,1,153979.0,439875.0,177461.8,106174.95
2024-09-23,train,대전광역시,188811,월,0,0,0,0,0,0,1,1,1,9,23,1,0,0,0,0,0,0,3,45379.0,101490.0,98562.6,105699.75
2024-09-24,train,대전광역시,43044,화,0,0,0,0,0,0,1,1,1,9,24,0,1,0,0,0,0,0,1,188811.0,137333.0,116026.8,113814.45
2024-09-25,train,대전광역시,57197,수,0,0,0,0,0,0,1,1,1,9,25,0,0,1,0,0,0,0,1,43044.0,54632.0,97169.0,109101.8
2024-09-26,train,대전광역시,102238,목,0,0,0,0,0,0,0,0,0,9,26,0,0,0,1,0,0,0,1,57197.0,153979.0,97682.0,108031.8
2024-09-27,train,대전광역시,43243,금,0,0,0,0,0,0,0,0,0,9,27,0,0,0,0,1,0,0,1,102238.0,45379.0,87333.8,108316.55
2024-09-30,train,대전광역시,107439,월,0,0,0,0,0,0,0,0,0,9,30,1,0,0,0,0,0,0,3,43243.0,188811.0,86906.6,105200.65
2024-10-02,train,대전광역시,109647,수,0,0,0,0,0,0,0,0,0,10,2,0,0,1,0,0,0,0,2,107439.0,43044.0,70632.2,108786.75
2024-10-04,train,대전광역시,119723,금,0,0,0,0,0,0,0,0,0,10,4,0,0,0,0,1,0,0,2,109647.0,57197.0,83952.8,108613.8
2024-10-07,train,대전광역시,115471,월,0,0,0,0,0,0,0,0,0,10,7,1,0,0,0,0,0,0,3,119723.0,102238.0,96458.0,113011.3
2024-10-08,train,대전광역시,36792,화,0,0,0,0,0,0,0,0,0,10,8,0,1,0,0,0,0,0,1,115471.0,43243.0,99104.6,113296.3
2024-10-10,train,대전광역시,121329,목,0,0,0,0,0,0,0,0,0,10,10,0,0,0,1,0,0,0,2,36792.0,107439.0,97814.4,112322.4
2024-10-11,train,대전광역시,116320,금,0,0,0,0,0,0,0,0,0,10,11,0,0,0,0,1,0,0,1,121329.0,109647.0,100592.4,113308.85
2024-10-14,train,대전광역시,171351,월,0,0,0,0,0,0,0,0,0,10,14,1,0,0,0,0,0,0,3,116320.0,119723.0,101927.0,113957.65
2024-10-15,train,대전광역시,77705,화,0,0,0,0,0,0,0,0,0,10,15,0,1,0,0,0,0,0,1,171351.0,115471.0,112252.6,119151.55
2024-10-16,train,대전광역시,39628,수,0,0,0,0,0,0,0,0,0,10,16,0,0,1,0,0,0,0,1,77705.0,36792.0,104699.4,117149.9
2024-10-17,train,대전광역시,130120,목,0,0,0,0,0,0,0,0,0,10,17,0,0,0,1,0,0,0,1,39628.0,121329.0,105266.6,97137.55
2024-10-18,train,대전광역시,58560,금,0,0,0,0,0,0,0,0,0,10,18,0,0,0,0,1,0,0,1,130120.0,116320.0,107024.8,98569.05
2024-10-21,train,대전광역시,164574,월,0,0,0,0,0,0,1,1,1,10,21,1,0,0,0,0,0,0,3,58560.0,171351.0,95472.8,94630.4
2024-10-22,train,대전광역시,57560,화,0,0,0,0,0,0,1,1,1,10,22,0,1,0,0,0,0,0,1,164574.0,77705.0,94117.4,100127.5
2024-10-23,train,대전광역시,30596,수,0,0,0,0,0,0,1,1,1,10,23,0,0,1,0,0,0,0,1,57560.0,39628.0,90088.4,95306.55
2024-10-24,train,대전광역시,99989,목,0,0,0,0,0,0,1,1,1,10,24,0,0,0,1,0,0,0,1,30596.0,130120.0,88282.0,94567.4
2024-10-25,train,대전광역시,36955,금,0,0,0,0,0,0,1,1,1,10,25,0,0,0,0,1,0,0,1,99989.0,58560.0,82255.8,90126.3
2024-10-28,train,대전광역시,113953,월,0,0,0,0,0,0,0,0,0,10,28,1,0,0,0,0,0,0,3,36955.0,164574.0,77934.8,89821.85
2024-10-29,train,대전광역시,33135,화,0,0,0,0,0,0,0,0,0,10,29,0,1,0,0,0,0,0,1,113953.0,57560.0,67810.6,92659.65
2024-10-30,train,대전광역시,103829,수,0,0,0,0,0,0,0,0,0,10,30,0,0,1,0,0,0,0,1,33135.0,30596.0,62925.6,89204.5
2024-10-31,train,대전광역시,106402,목,0,0,0,0,0,0,0,0,0,10,31,0,0,0,1,0,0,0,1,103829.0,99989.0,77572.2,92233.8
2024-11-01,train,대전광역시,36199,금,0,0,0,0,0,0,0,0,0,11,1,0,0,0,0,1,0,0,1,106402.0,36955.0,78854.8,92181.95
2024-11-04,train,대전광역시,120733,월,0,0,0,0,0,0,0,0,0,11,4,1,0,0,0,0,0,0,3,36199.0,113953.0,78703.6,88509.55
2024-11-05,train,대전광역시,40188,화,0,0,0,0,0,0,0,0,0,11,5,0,1,0,0,0,0,0,1,120733.0,33135.0,80059.6,88560.05
2024-11-06,train,대전광역시,77908,수,0,0,0,0,0,0,0,0,0,11,6,0,0,1,0,0,0,0,1,40188.0,103829.0,81470.2,84795.9
2024-11-07,train,대전광역시,85712,목,0,0,0,0,0,0,0,0,0,11,7,0,0,0,1,0,0,0,1,77908.0,106402.0,76286.0,86851.7
2024-11-08,train,대전광역시,42365,금,0,0,0,0,0,0,0,0,0,11,8,0,0,0,0,1,0,0,1,85712.0,36199.0,72148.0,85070.85
2024-11-11,train,대전광역시,141761,월,0,0,0,0,0,0,0,0,0,11,11,1,0,0,0,0,0,0,3,42365.0,120733.0,73381.2,81373.1
2024-11-12,train,대전광역시,95691,화,0,0,0,0,0,0,0,0,0,11,12,0,1,0,0,0,0,0,1,141761.0,40188.0,77586.8,79893.6
2024-11-13,train,대전광역시,85346,수,0,0,0,0,0,0,0,0,0,11,13,0,0,1,0,0,0,0,1,95691.0,77908.0,88687.4,80792.9
2024-11-14,train,대전광역시,75457,목,0,0,0,0,0,0,0,0,0,11,14,0,0,0,1,0,0,0,1,85346.0,85712.0,90175.0,83078.8
2024-11-15,train,대전광역시,33083,금,0,0,0,0,0,0,0,0,0,11,15,0,0,0,0,1,0,0,1,75457.0,42365.0,88124.0,80345.65
2024-11-18,train,대전광역시,125851,월,0,0,0,0,0,0,0,0,0,11,18,1,0,0,0,0,0,0,3,33083.0,141761.0,86267.6,79071.8
2024-11-19,train,대전광역시,47111,화,0,0,0,0,0,0,0,0,0,11,19,0,1,0,0,0,0,0,1,125851.0,95691.0,83085.6,77135.65
2024-11-20,train,대전광역시,62415,수,0,0,0,0,0,0,0,0,0,11,20,0,0,1,0,0,0,0,1,47111.0,85346.0,73369.6,76613.2
2024-11-21,train,대전광역시,48261,목,0,0,0,0,0,0,1,1,1,11,21,0,0,0,1,0,0,0,1,62415.0,75457.0,68783.4,78204.15
2024-11-22,train,대전광역시,43643,금,0,0,0,0,0,0,1,1,1,11,22,0,0,0,0,1,0,0,1,48261.0,33083.0,63344.2,75617.75
2024-11-25,train,대전광역시,102263,월,0,0,0,0,0,0,1,1,1,11,25,1,0,0,0,0,0,0,3,43643.0,125851.0,65456.2,75952.15
2024-11-26,train,대전광역시,55958,화,0,0,0,0,0,0,0,0,0,11,26,0,1,0,0,0,0,0,1,102263.0,47111.0,60738.6,75367.65
2024-11-27,train,대전광역시,44733,수,0,0,0,0,0,0,0,0,0,11,27,0,0,1,0,0,0,0,1,55958.0,62415.0,62508.0,76508.8
2024-11-28,train,대전광역시,53907,목,0,0,0,0,0,0,0,0,0,11,28,0,0,0,1,0,0,0,1,44733.0,48261.0,58971.6,73554.0
2024-11-29,train,대전광역시,36523,금,0,0,0,0,0,0,0,0,0,11,29,0,0,0,0,1,0,0,1,53907.0,43643.0,60100.8,70929.25
2024-12-02,train,대전광역시,132309,월,0,0,0,0,0,0,0,0,0,12,2,1,0,0,0,0,0,0,3,36523.0,102263.0,58676.8,70945.45
2024-12-03,train,대전광역시,149209,화,0,0,0,0,0,0,0,0,0,12,3,0,1,0,0,0,0,0,1,132309.0,55958.0,64686.0,71524.25
2024-12-04,train,대전광역시,88365,수,0,0,0,0,0,0,0,0,0,12,4,0,0,1,0,0,0,0,1,149209.0,44733.0,83336.2,76975.3
2024-12-05,train,대전광역시,118908,목,0,0,0,0,0,0,0,0,0,12,5,0,0,0,1,0,0,0,1,88365.0,53907.0,92062.6,77498.15
2024-12-06,train,대전광역시,128139,금,0,0,0,0,0,0,0,0,0,12,6,0,0,0,0,1,0,0,1,118908.0,36523.0,105062.8,79157.95
2024-12-09,train,대전광역시,142646,월,0,0,0,0,0,1,0,1,1,12,9,1,0,0,0,0,0,0,3,128139.0,132309.0,123386.0,83446.65
2024-12-10,train,대전광역시,51616,화,0,0,0,0,0,1,0,1,1,12,10,0,1,0,0,0,0,0,1,142646.0,149209.0,125453.4,83490.9
2024-12-11,train,대전광역시,125744,수,0,0,0,0,0,1,0,1,1,12,11,0,0,1,0,0,0,0,1,51616.0,88365.0,105934.8,81287.15
2024-12-12,train,대전광역시,292855,목,0,0,0,0,0,1,0,1,1,12,12,0,0,0,1,0,0,0,1,125744.0,118908.0,113410.6,83307.05
2024-12-13,train,대전광역시,50397,금,0,0,0,0,0,1,0,1,1,12,13,0,0,0,0,1,0,0,1,292855.0,128139.0,148200.0,94176.95
2024-12-16,train,대전광역시,95978,월,0,0,0,0,0,0,0,0,0,12,16,1,0,0,0,0,0,0,3,50397.0,142646.0,132651.6,95042.65
2024-12-17,train,대전광역시,57832,화,0,0,0,0,0,0,0,0,0,12,17,0,1,0,0,0,0,0,1,95978.0,51616.0,123318.0,93549.0
2024-12-18,train,대전광역시,44848,수,0,0,0,0,0,0,0,0,0,12,18,0,0,1,0,0,0,0,1,57832.0,125744.0,124561.2,94085.05
2024-12-19,train,대전광역시,65293,목,0,0,0,0,0,0,0,0,0,12,19,0,0,0,1,0,0,0,1,44848.0,292855.0,108382.0,93206.7
2024-12-20,train,대전광역시,230638,금,0,0,0,0,0,0,0,0,0,12,20,0,0,0,0,1,0,0,1,65293.0,50397.0,62869.6,94058.3
2024-12-23,train,대전광역시,97156,월,0,0,0,0,0,0,1,1,1,12,23,1,0,0,0,0,0,0,3,230638.0,95978.0,98917.8,103408.05
2024-12-24,train,대전광역시,51913,화,0,0,0,0,0,0,1,1,1,12,24,0,1,0,0,0,0,0,1,97156.0,57832.0,99153.4,103152.7
2024-12-26,train,대전광역시,27994,목,0,0,0,0,0,0,0,0,0,12,26,0,0,0,1,0,0,0,2,51913.0,44848.0,97969.6,102950.45
2024-12-27,train,대전광역시,80454,금,0,0,0,0,0,0,0,0,0,12,27,0,0,0,0,1,0,0,1,27994.0,65293.0,94598.8,102113.5
2024-12-30,train,대전광역시,91686,월,0,0,0,0,0,0,0,0,0,12,30,1,0,0,0,0,0,0,3,80454.0,230638.0,97631.0,103440.85
2024-12-31,train,대전광역시,36915,화,0,0,0,0,0,0,0,0,0,12,31,0,1,0,0,0,0,0,1,91686.0,97156.0,69840.6,106199.0
2025-01-02,train,대전광역시,51413,목,0,0,0,0,0,0,0,0,0,1,2,0,0,0,1,0,0,0,2,36915.0,51913.0,57792.4,101429.3
2025-01-03,train,대전광역시,103365,금,0,0,0,0,0,0,0,0,0,1,3,0,0,0,0,1,0,0,1,51413.0,27994.0,57692.4,96539.5
2025-01-06,train,대전광역시,79955,월,0,0,0,0,0,0,0,0,0,1,6,1,0,0,0,0,0,0,3,103365.0,80454.0,72766.6,97289.5
2025-01-07,train,대전광역시,39174,화,0,0,0,0,0,0,0,0,0,1,7,0,1,0,0,0,0,0,1,79955.0,91686.0,72666.8,95341.85
2025-01-08,train,대전광역시,24543,수,0,0,0,0,0,0,0,0,0,1,8,0,0,1,0,0,0,0,1,39174.0,36915.0,62164.4,90893.6
2025-01-09,train,대전광역시,56062,목,0,0,0,0,0,0,0,0,0,1,9,0,0,0,1,0,0,0,1,24543.0,51413.0,59690.0,84988.45
2025-01-10,train,대전광역시,74276,금,0,0,0,0,0,0,0,0,0,1,10,0,0,0,0,1,0,0,1,56062.0,103365.0,60619.8,85210.75
2025-01-13,train,대전광역시,283018,월,0,0,0,0,0,0,0,0,0,1,13,1,0,0,0,0,0,0,3,74276.0,79955.0,54802.0,82637.35
2025-01-14,train,대전광역시,130108,화,0,0,0,0,0,0,0,0,0,1,14,0,1,0,0,0,0,0,1,283018.0,39174.0,95414.6,82145.5
2025-01-15,train,대전광역시,60921,수,0,0,0,0,0,0,0,0,0,1,15,0,0,1,0,0,0,0,1,130108.0,24543.0,113601.4,86131.05
2025-01-16,train,대전광역시,41399,목,0,0,0,0,0,0,0,0,0,1,16,0,0,0,1,0,0,0,1,60921.0,56062.0,120877.0,84378.2
2025-01-17,train,대전광역시,37864,금,0,0,0,0,0,0,0,0,0,1,17,0,0,0,0,1,0,0,1,41399.0,74276.0,117944.4,83556.55
2025-01-20,train,대전광역시,74688,월,0,0,0,0,0,0,0,0,0,1,20,1,0,0,0,0,0,0,3,37864.0,283018.0,110662.0,83207.35
2025-01-21,train,대전광역시,44974,화,0,0,0,0,0,0,1,1,1,1,21,0,1,0,0,0,0,0,1,74688.0,130108.0,68996.0,83677.1
2025-01-22,train,대전광역시,49486,수,0,0,0,0,0,0,1,1,1,1,22,0,0,1,0,0,0,0,1,44974.0,60921.0,51969.2,74393.9
2025-01-23,train,대전광역시,83744,목,0,0,0,0,0,0,1,1,1,1,23,0,0,0,1,0,0,0,1,49486.0,41399.0,49682.2,72010.4
2025-01-24,train,대전광역시,52676,금,0,0,0,0,0,0,1,1,1,1,24,0,0,0,0,1,0,0,1,83744.0,37864.0,58151.2,73601.95
2025-01-31,train,대전광역시,58120,금,0,0,0,0,0,0,0,0,0,1,31,0,0,0,0,1,0,0,7,52676.0,74688.0,61113.6,74836.05
2025-02-03,train,대전광역시,151393,월,0,0,0,0,0,0,0,0,0,2,3,1,0,0,0,0,0,0,3,58120.0,44974.0,57800.0,73719.35
2025-02-04,train,대전광역시,73590,화,0,0,0,0,0,0,0,0,0,2,4,0,1,0,0,0,0,0,1,151393.0,49486.0,79083.8,76704.7
2025-02-05,train,대전광역시,153049,수,0,0,0,0,0,0,0,0,0,2,5,0,0,1,0,0,0,0,1,73590.0,83744.0,83904.6,78538.45
2025-02-06,train,대전광역시,50634,목,0,0,0,0,0,0,0,0,0,2,6,0,0,0,1,0,0,0,1,153049.0,52676.0,97765.6,83620.25
2025-02-07,train,대전광역시,51964,금,0,0,0,0,0,0,0,0,0,2,7,0,0,0,0,1,0,0,1,50634.0,58120.0,97357.2,80983.7
2025-02-10,train,대전광역시,109961,월,0,0,0,0,0,0,0,0,0,2,10,1,0,0,0,0,0,0,3,51964.0,151393.0,96126.0,79584.15
2025-02-11,train,대전광역시,54876,화,0,0,0,0,0,0,0,0,0,2,11,0,1,0,0,0,0,0,1,109961.0,73590.0,87839.6,83123.5
2025-02-12,train,대전광역시,73468,수,0,0,0,0,0,0,0,0,0,2,12,0,0,1,0,0,0,0,1,54876.0,153049.0,84096.8,84640.15
2025-02-13,train,대전광역시,104724,목,0,0,0,0,0,0,0,0,0,2,13,0,0,0,1,0,0,0,1,73468.0,50634.0,68180.6,85510.45
2025-02-14,train,대전광역시,68176,금,0,0,0,0,0,0,0,0,0,2,14,0,0,0,0,1,0,0,1,104724.0,51964.0,78998.6,87032.85
2025-02-17,train,대전광역시,121620,월,0,0,0,0,0,0,0,0,0,2,17,1,0,0,0,0,0,0,3,68176.0,109961.0,82241.0,76290.75
2025-02-18,train,대전광역시,29828,화,0,0,0,0,0,0,0,0,0,2,18,0,1,0,0,0,0,0,1,121620.0,54876.0,84572.8,75866.35
2025-02-19,train,대전광역시,36616,수,0,0,0,0,0,0,0,0,0,2,19,0,0,1,0,0,0,0,1,29828.0,73468.0,79563.2,74311.7
2025-02-20,train,대전광역시,63305,목,0,0,0,0,0,0,0,0,0,2,20,0,0,0,1,0,0,0,1,36616.0,104724.0,72192.8,74072.55
2025-02-21,train,대전광역시,53210,금,0,0,0,0,0,0,1,1,1,2,21,0,0,0,0,1,0,0,1,63305.0,68176.0,63909.0,75344.6
2025-02-24,train,대전광역시,117242,월,0,0,0,0,0,0,1,1,1,2,24,1,0,0,0,0,0,0,3,53210.0,121620.0,60915.8,74270.7
2025-02-25,train,대전광역시,60724,화,0,0,0,0,0,0,1,1,1,2,25,0,1,0,0,0,0,0,1,117242.0,29828.0,60040.2,77884.1
2025-02-26,train,대전광역시,50479,수,0,0,0,0,0,0,0,0,0,2,26,0,0,1,0,0,0,0,1,60724.0,36616.0,66219.4,78446.0
2025-02-27,train,대전광역시,89159,목,0,0,0,0,0,0,0,0,0,2,27,0,0,0,1,0,0,0,1,50479.0,63305.0,68992.0,76782.75
2025-02-28,train,대전광역시,40686,금,0,0,0,0,0,0,0,0,0,2,28,0,0,0,0,1,0,0,1,89159.0,53210.0,74162.8,78606.9
2025-03-04,train,대전광역시,117816,화,0,0,0,0,0,0,0,0,0,3,4,0,1,0,0,0,0,0,4,40686.0,117242.0,71658.0,77735.2
2025-03-05,train,대전광역시,61625,수,0,0,0,0,0,0,0,0,0,3,5,0,0,1,0,0,0,0,1,117816.0,60724.0,71772.8,76056.35
2025-03-06,train,대전광역시,37823,목,0,0,0,0,0,0,0,0,0,3,6,0,0,0,1,0,0,0,1,61625.0,50479.0,71953.0,75458.1
2025-03-07,train,대전광역시,155538,금,0,0,0,0,0,0,0,0,0,3,7,0,0,0,0,1,0,0,1,37823.0,89159.0,69421.8,69696.8
2025-03-10,train,대전광역시,146180,월,0,0,0,0,0,0,0,0,0,3,10,1,0,0,0,0,0,0,3,155538.0,40686.0,82697.6,74942.0
2025-03-11,train,대전광역시,58426,화,0,0,0,0,0,0,0,0,0,3,11,0,1,0,0,0,0,0,1,146180.0,117816.0,103796.4,79652.8
2025-03-12,train,대전광역시,98527,수,0,0,0,0,0,0,0,0,0,3,12,0,0,1,0,0,0,0,1,58426.0,61625.0,91918.4,77076.05
2025-03-13,train,대전광역시,78473,목,0,0,0,0,0,0,0,0,0,3,13,0,0,0,1,0,0,0,1,98527.0,37823.0,99298.8,79258.6
2025-03-14,train,대전광역시,67118,금,0,0,0,0,0,0,0,0,0,3,14,0,0,0,0,1,0,0,1,78473.0,155538.0,107428.8,79508.85
2025-03-17,train,대전광역시,106576,월,0,0,0,0,0,0,0,0,0,3,17,1,0,0,0,0,0,0,3,67118.0,146180.0,89744.8,77628.55
2025-03-18,train,대전광역시,29889,화,0,0,0,0,0,0,0,0,0,3,18,0,1,0,0,0,0,0,1,106576.0,58426.0,81824.0,79548.55
2025-03-19,train,대전광역시,69413,수,0,0,0,0,0,0,0,0,0,3,19,0,0,1,0,0,0,0,1,29889.0,98527.0,76116.6,74962.0
2025-03-20,train,대전광역시,105893,목,0,0,0,0,0,0,0,0,0,3,20,0,0,0,1,0,0,0,1,69413.0,78473.0,70293.8,76941.25
2025-03-21,train,대전광역시,80029,금,0,0,0,0,0,0,1,1,1,3,21,0,0,0,0,1,0,0,1,105893.0,67118.0,75777.8,80405.1
2025-03-22,train,대전광역시,49384,토,0,0,0,0,0,0,1,1,1,3,22,0,0,0,0,0,1,0,1,80029.0,106576.0,78360.0,81241.3
2025-03-24,train,대전광역시,95291,월,0,0,0,0,0,0,1,1,1,3,24,1,0,0,0,0,0,0,2,49384.0,29889.0,66921.6,81050.0
2025-03-25,train,대전광역시,46586,화,0,0,0,0,0,0,1,1,1,3,25,0,1,0,0,0,0,0,1,95291.0,69413.0,80002.0,79952.45
2025-03-26,train,대전광역시,60170,수,0,0,0,0,0,0,0,0,0,3,26,0,0,1,0,0,0,0,1,46586.0,105893.0,75436.6,79245.55
2025-03-27,train,대전광역시,57711,목,0,0,0,0,0,0,0,0,0,3,27,0,0,0,1,0,0,0,1,60170.0,80029.0,66292.0,79730.1
2025-03-28,train,대전광역시,64792,금,0,0,0,0,0,0,0,0,0,3,28,0,0,0,0,1,0,0,1,57711.0,49384.0,61828.4,78157.7
2025-03-31,train,대전광역시,89968,월,0,0,0,0,0,0,0,0,0,3,31,1,0,0,0,0,0,0,3,64792.0,95291.0,64910.0,79363.0
2025-04-01,train,대전광역시,25245,화,0,0,0,0,0,0,0,0,0,4,1,0,1,0,0,0,0,0,1,89968.0,46586.0,63845.4,77970.6
2025-04-02,train,대전광역시,112044,수,0,0,0,0,0,0,0,0,0,4,2,0,0,1,0,0,0,0,1,25245.0,60170.0,59577.2,76151.6
2025-04-03,train,대전광역시,51035,목,0,0,0,0,0,0,0,0,0,4,3,0,0,0,1,0,0,0,1,112044.0,57711.0,69952.0,79862.65
2025-04-04,train,대전광역시,32711,금,0,0,0,0,0,0,0,0,0,4,4,0,0,0,0,1,0,0,1,51035.0,64792.0,68616.8,74637.5
2025-04-07,train,대전광역시,83639,월,0,0,0,0,0,0,0,0,0,4,7,1,0,0,0,0,0,0,3,32711.0,89968.0,62200.6,68964.05
2025-04-08,train,대전광역시,20235,화,0,0,0,0,0,0,0,0,0,4,8,0,1,0,0,0,0,0,1,83639.0,25245.0,60934.8,70224.7
2025-04-09,train,대전광역시,28174,수,0,0,0,0,0,0,0,0,0,4,9,0,0,1,0,0,0,0,1,20235.0,112044.0,59932.8,66310.1
2025-04-10,train,대전광역시,62022,목,0,0,0,0,0,0,0,0,0,4,10,0,0,0,1,0,0,0,1,28174.0,51035.0,43158.8,63795.15
2025-04-11,train,대전광역시,113672,금,0,0,0,0,0,0,0,0,0,4,11,0,0,0,0,1,0,0,1,62022.0,32711.0,45356.2,63540.35
2025-04-14,train,대전광역시,112815,월,0,0,0,0,0,0,0,0,0,4,14,1,0,0,0,0,0,0,3,113672.0,83639.0,61548.4,63895.15
2025-04-15,train,대전광역시,135873,화,0,0,0,0,0,0,0,0,0,4,15,0,1,0,0,0,0,0,1,112815.0,20235.0,67383.6,68041.45
2025-04-16,train,대전광역시,38214,수,0,0,0,0,0,0,0,0,0,4,16,0,0,1,0,0,0,0,1,135873.0,28174.0,90511.2,71364.45
2025-04-17,train,대전광역시,112520,목,0,0,0,0,0,0,0,0,0,4,17,0,0,0,1,0,0,0,1,38214.0,62022.0,92519.2,67980.5
2025-04-18,train,대전광역시,20612,금,0,0,0,0,0,0,0,0,0,4,18,0,0,0,0,1,0,0,1,112520.0,113672.0,102618.8,69605.05
2025-04-21,train,대전광역시,150287,월,0,0,0,0,0,0,1,1,1,4,21,1,0,0,0,0,0,0,3,20612.0,112815.0,84006.8,68166.45
2025-04-22,train,대전광역시,75450,화,0,0,0,0,0,0,1,1,1,4,22,0,1,0,0,0,0,0,1,150287.0,135873.0,91501.2,70916.25
2025-04-23,train,대전광역시,37850,수,0,0,0,0,0,0,1,1,1,4,23,0,0,1,0,0,0,0,1,75450.0,38214.0,79416.6,72359.45
2025-04-24,train,대전광역시,56017,목,0,0,0,0,0,0,1,1,1,4,24,0,0,0,1,0,0,0,1,37850.0,112520.0,79343.8,71243.45
2025-04-25,train,대전광역시,37694,금,0,0,0,0,0,0,1,1,1,4,25,0,0,0,0,1,0,0,1,56017.0,20612.0,68043.2,71158.75
2025-04-28,train,대전광역시,116601,월,0,0,0,0,0,0,0,0,0,4,28,1,0,0,0,0,0,0,3,37694.0,150287.0,71459.6,69803.85
2025-04-29,train,대전광역시,45437,화,0,0,0,0,0,0,0,0,0,4,29,0,1,0,0,0,0,0,1,116601.0,75450.0,64722.4,71135.5
2025-04-30,train,대전광역시,43400,수,0,0,0,0,0,0,0,0,0,4,30,0,0,1,0,0,0,0,1,45437.0,37850.0,58719.8,72145.1
2025-05-01,train,대전광역시,11947,목,0,0,0,0,0,0,0,0,0,5,1,0,0,0,1,0,0,0,1,43400.0,56017.0,59829.8,68712.9
2025-05-02,train,대전광역시,68053,금,0,0,0,0,0,0,0,0,0,5,2,0,0,0,0,1,0,0,1,11947.0,37694.0,51015.8,66758.5
2025-05-07,train,대전광역시,133069,수,0,0,0,0,0,0,0,0,0,5,7,0,0,1,0,0,0,0,5,68053.0,116601.0,57087.6,68525.6
2025-05-08,train,대전광역시,105009,목,0,0,0,0,0,0,0,0,0,5,8,0,0,0,1,0,0,0,1,133069.0,45437.0,60381.2,70997.1
2025-05-09,train,대전광역시,120458,금,0,0,0,0,0,0,0,0,0,5,9,0,0,0,0,1,0,0,1,105009.0,43400.0,72295.6,75235.8
2025-05-12,train,대전광역시,179167,월,0,0,0,0,0,0,0,0,0,5,12,1,0,0,0,0,0,0,3,120458.0,11947.0,87707.2,79850.0
2025-05-13,train,대전광역시,113716,화,0,0,0,0,0,0,0,0,0,5,13,0,1,0,0,0,0,0,1,179167.0,68053.0,121151.2,85707.25
2025-05-14,train,대전광역시,55698,수,0,0,0,0,0,0,0,0,0,5,14,0,0,1,0,0,0,0,1,113716.0,133069.0,130283.8,85709.45
2025-05-15,train,대전광역시,131459,목,0,0,0,0,0,0,0,0,0,5,15,0,0,0,1,0,0,0,1,55698.0,105009.0,114809.6,82853.6
2025-05-16,train,대전광역시,40432,금,0,0,0,0,0,0,0,0,0,5,16,0,0,0,0,1,0,0,1,131459.0,120458.0,120099.6,82632.9
2025-05-18,train,대전광역시,438604,일,0,0,0,0,0,0,0,0,0,5,18,0,0,0,0,0,0,1,2,40432.0,179167.0,104094.4,82743.8
2025-05-19,train,대전광역시,369571,월,0,0,0,0,0,0,0,0,0,5,19,1,0,0,0,0,0,0,1,438604.0,113716.0,155981.8,99048.0
2025-05-20,train,대전광역시,73218,화,0,0,0,0,0,0,0,0,0,5,20,0,1,0,0,0,0,0,1,369571.0,55698.0,207152.8,116495.95
2025-05-21,train,대전광역시,27649,수,0,0,0,0,0,0,1,1,1,5,21,0,0,1,0,0,0,0,1,73218.0,131459.0,210656.8,112642.5
2025-05-22,train,대전광역시,72040,목,0,0,0,0,0,0,1,1,1,5,22,0,0,0,1,0,0,0,1,27649.0,40432.0,189894.8,110252.45
2025-05-23,train,대전광역시,460616,금,0,0,0,0,0,0,1,1,1,5,23,0,0,0,0,1,0,0,1,72040.0,438604.0,196216.4,111961.95
2025-05-24,train,대전광역시,255304,토,0,0,0,0,0,0,1,1,1,5,24,0,0,0,0,0,1,0,1,460616.0,369571.0,200618.8,132191.9
2025-05-26,train,대전광역시,85463,월,0,0,0,0,0,0,0,0,0,5,26,1,0,0,0,0,0,0,2,255304.0,73218.0,177765.4,143072.4
2025-05-27,train,대전광역시,33246,화,0,0,0,0,0,0,0,0,0,5,27,0,1,0,0,0,0,0,1,85463.0,27649.0,180214.4,141515.5
2025-05-28,train,대전광역시,55611,수,0,0,0,0,0,0,0,0,0,5,28,0,0,1,0,0,0,0,1,33246.0,72040.0,181333.8,140905.95
2025-05-29,train,대전광역시,46107,목,0,0,0,0,0,0,0,0,0,5,29,0,0,0,1,0,0,0,1,55611.0,460616.0,178048.0,141516.5
2025-05-30,train,대전광역시,36398,금,0,0,0,0,0,0,0,0,0,5,30,0,0,0,0,1,0,0,1,46107.0,255304.0,95146.2,143224.5
2025-06-02,train,대전광역시,86953,월,0,0,0,0,0,0,0,0,0,6,2,1,0,0,0,0,0,0,3,36398.0,85463.0,51365.0,141641.75
2025-06-04,train,대전광역시,179191,수,0,0,0,0,0,0,0,0,0,6,4,0,0,1,0,0,0,0,2,86953.0,33246.0,51663.0,139335.95
2025-06-05,train,대전광역시,57153,목,0,0,0,0,0,0,0,0,0,6,5,0,0,0,1,0,0,0,1,179191.0,55611.0,80852.0,143045.05
2025-06-09,train,대전광역시,105308,월,1,0,0,0,0,0,0,1,1,6,9,1,0,0,0,0,0,0,4,57153.0,46107.0,81160.4,139879.8
2025-06-10,train,대전광역시,156239,화,1,0,0,0,0,0,0,1,1,6,10,0,1,0,0,0,0,0,1,105308.0,36398.0,93000.6,136186.85
2025-06-11,train,대전광역시,240711,수,1,0,0,0,0,0,0,1,1,6,11,0,0,1,0,0,0,0,1,156239.0,86953.0,116968.8,138313.0
2025-06-12,train,대전광역시,59838,목,1,0,0,0,0,0,0,1,1,6,12,0,0,0,1,0,0,0,1,240711.0,179191.0,147720.4,147563.65
2025-06-13,train,대전광역시,54378,금,1,0,0,0,0,0,0,1,1,6,13,0,0,0,0,1,0,0,1,59838.0,57153.0,123849.8,143982.6
2025-06-16,train,대전광역시,127880,월,0,0,0,0,0,0,0,0,0,6,16,1,0,0,0,0,0,0,3,54378.0,105308.0,123294.8,144679.9
2025-06-17,train,대전광역시,56302,화,0,0,0,0,0,0,0,0,0,6,17,0,1,0,0,0,0,0,1,127880.0,156239.0,127809.2,129143.7
2025-06-18,train,대전광역시,85039,수,0,0,0,0,0,0,0,0,0,6,18,0,0,1,0,0,0,0,1,56302.0,240711.0,107821.8,113480.25
2025-06-19,train,대전광역시,53327,목,0,0,0,0,0,0,0,0,0,6,19,0,0,0,1,0,0,0,1,85039.0,59838.0,76687.4,114071.3
2025-06-20,train,대전광역시,60872,금,0,0,0,0,0,0,0,0,0,6,20,0,0,0,0,1,0,0,1,53327.0,54378.0,75385.2,115355.2
2025-06-22,train,대전광역시,65,일,0,0,0,0,0,0,1,1,1,6,22,0,0,0,0,0,0,1,2,60872.0,127880.0,76684.0,114796.8
2025-06-23,train,대전광역시,71202,월,0,0,0,0,0,0,1,1,1,6,23,1,0,0,0,0,0,0,1,65.0,56302.0,51121.0,91769.25
2025-06-24,train,대전광역시,21190,화,0,0,0,0,0,0,1,1,1,6,24,0,1,0,0,0,0,0,1,71202.0,85039.0,54101.0,82564.15
2025-06-25,train,대전광역시,47046,수,0,0,0,0,0,0,1,1,1,6,25,0,0,1,0,0,0,0,1,21190.0,53327.0,41331.2,79350.5
2025-06-26,train,대전광역시,65704,목,0,0,0,0,0,0,0,0,0,6,26,0,0,0,1,0,0,0,1,47046.0,60872.0,40075.0,80040.5
2025-06-27,train,대전광역시,30241,금,0,0,0,0,0,0,0,0,0,6,27,0,0,0,0,1,0,0,1,65704.0,65.0,41041.4,80545.15
2025-06-30,train,대전광역시,80163,월,0,0,0,0,0,0,0,0,0,6,30,1,0,0,0,0,0,0,3,30241.0,71202.0,47076.6,79751.85
2025-07-01,train,대전광역시,45702,화,0,0,0,0,0,0,0,0,0,7,1,0,1,0,0,0,0,0,1,80163.0,21190.0,48868.8,81940.1
2025-07-02,train,대전광역시,100817,수,0,0,0,0,0,0,0,0,0,7,2,0,0,1,0,0,0,0,1,45702.0,47046.0,53771.2,79877.55
2025-07-03,train,대전광역시,50321,목,0,0,0,0,0,0,0,0,0,7,3,0,0,0,1,0,0,0,1,100817.0,65704.0,64525.4,75958.85
2025-07-04,train,대전광역시,59900,금,0,0,0,0,0,0,0,0,0,7,4,0,0,0,0,1,0,0,1,50321.0,30241.0,61448.8,75617.25
2025-07-07,train,대전광역시,105999,월,0,0,0,0,0,0,0,0,0,7,7,1,0,0,0,0,0,0,3,59900.0,80163.0,67380.6,73346.85
2025-07-08,train,대전광역시,39486,화,0,0,0,0,0,0,0,0,0,7,8,0,1,0,0,0,0,0,1,105999.0,45702.0,72547.8,70834.85
2025-07-09,train,대전광역시,64024,수,0,1,0,0,0,0,0,1,1,7,9,0,0,1,0,0,0,0,1,39486.0,100817.0,71304.6,60773.6
2025-07-10,train,대전광역시,424566,목,0,1,0,0,0,0,0,1,1,7,10,0,0,0,1,0,0,0,1,64024.0,50321.0,63946.0,60982.9
2025-07-11,train,대전광역시,125351,금,0,1,0,0,0,0,0,1,1,7,11,0,0,0,0,1,0,0,1,424566.0,59900.0,138795.0,79492.3
2025-07-14,train,대전광역시,87722,월,0,1,0,0,0,0,0,1,1,7,14,1,0,0,0,0,0,0,3,125351.0,105999.0,151885.2,79365.85
2025-07-15,train,대전광역시,33278,화,0,1,0,0,0,0,0,1,1,7,15,0,1,0,0,0,0,0,1,87722.0,39486.0,148229.8,80936.85
2025-07-16,train,대전광역시,18817,수,0,0,0,0,0,0,0,0,0,7,16,0,0,1,0,0,0,0,1,33278.0,64024.0,146988.2,78348.8
2025-07-17,train,대전광역시,19480,목,0,0,0,0,0,0,0,0,0,7,17,0,0,0,1,0,0,0,1,18817.0,424566.0,137946.8,76623.3
2025-07-18,train,대전광역시,40020,금,0,0,0,0,0,0,0,0,0,7,18,0,0,0,0,1,0,0,1,19480.0,125351.0,56929.6,74553.7
2025-07-21,train,대전광역시,56090,월,0,0,0,0,0,0,1,1,1,7,21,1,0,0,0,0,0,0,3,40020.0,87722.0,39863.4,76551.45
2025-07-22,train,대전광역시,20168,화,0,0,0,0,0,0,1,1,1,7,22,0,1,0,0,0,0,0,1,56090.0,33278.0,33537.0,75795.85
2025-07-23,train,대전광역시,25162,수,0,0,0,0,0,0,1,1,1,7,23,0,0,1,0,0,0,0,1,20168.0,18817.0,30915.0,75744.75
2025-07-24,train,대전광역시,20714,목,0,0,0,0,0,0,1,1,1,7,24,0,0,0,1,0,0,0,1,25162.0,19480.0,32184.0,74650.55
2025-07-25,train,대전광역시,29972,금,0,0,0,1,0,0,1,2,1,7,25,0,0,0,0,1,0,0,1,20714.0,40020.0,32430.8,72401.05
2025-07-28,train,대전광역시,61072,월,0,0,0,1,0,0,0,1,1,7,28,1,0,0,0,0,0,0,3,29972.0,56090.0,30421.2,72387.6
2025-07-29,train,대전광역시,23964,화,0,0,0,1,0,0,0,1,1,7,29,0,1,0,0,0,0,0,1,61072.0,20168.0,31417.6,71433.05
2025-07-30,train,대전광역시,21876,수,0,0,0,1,0,0,0,1,1,7,30,0,0,1,0,0,0,0,1,23964.0,25162.0,32176.8,70346.15
2025-07-31,train,대전광역시,49320,목,0,0,0,1,0,0,0,1,1,7,31,0,0,0,1,0,0,0,1,21876.0,20714.0,31519.6,66399.1
2025-08-01,train,대전광역시,19635,금,0,0,0,0,0,0,0,0,0,8,1,0,0,0,0,1,0,0,1,49320.0,29972.0,37240.8,66349.05
2025-08-04,train,대전광역시,155222,월,0,0,0,0,0,0,0,0,0,8,4,1,0,0,0,0,0,0,3,19635.0,61072.0,35173.4,64335.8
2025-08-05,train,대전광역시,30397,화,0,0,0,0,0,0,0,0,0,8,5,0,1,0,0,0,0,0,1,155222.0,23964.0,54003.4,66796.95
2025-08-06,train,대전광역시,34559,수,0,0,0,0,0,0,0,0,0,8,6,0,0,1,0,0,0,0,1,30397.0,21876.0,55290.0,66342.5
2025-08-07,train,대전광역시,30352,목,0,0,0,0,0,0,0,0,0,8,7,0,0,0,1,0,0,0,1,34559.0,49320.0,57826.6,64869.25
2025-08-08,train,대전광역시,85739,금,0,0,1,0,0,0,0,1,1,8,8,0,0,0,0,1,0,0,1,30352.0,19635.0,54033.0,45158.55
2025-08-11,train,대전광역시,431685,월,0,0,1,0,0,0,0,1,1,8,11,1,0,0,0,0,0,0,3,85739.0,155222.0,67253.8,43177.95
2025-08-12,train,대전광역시,224879,화,0,0,1,0,0,0,0,1,1,8,12,0,1,0,0,0,0,0,1,431685.0,30397.0,122546.4,60376.1
2025-08-13,train,대전광역시,78894,수,0,0,1,0,0,0,0,1,1,8,13,0,0,1,0,0,0,0,1,224879.0,34559.0,161442.8,69956.15
2025-08-14,train,대전광역시,45931,목,0,0,1,0,0,0,0,1,1,8,14,0,0,0,1,0,0,0,1,78894.0,30352.0,170309.8,72960.0
2025-08-18,train,대전광역시,103771,월,0,0,0,0,0,0,0,0,0,8,18,1,0,0,0,0,0,0,4,45931.0,85739.0,173425.6,74282.55
2025-08-19,train,대전광역시,24367,화,0,0,0,0,0,0,0,0,0,8,19,0,1,0,0,0,0,0,1,103771.0,431685.0,177032.0,77470.1
2025-08-20,train,대전광역시,51907,수,0,0,0,0,0,0,0,0,0,8,20,0,0,1,0,0,0,0,1,24367.0,224879.0,95568.4,75883.95
2025-08-21,train,대전광역시,46858,목,0,0,0,0,0,0,1,1,1,8,21,0,0,0,1,0,0,0,1,51907.0,78894.0,60974.0,77470.9
2025-08-22,train,대전광역시,50076,금,0,0,0,0,0,0,1,1,1,8,22,0,0,0,0,1,0,0,1,46858.0,45931.0,54566.8,78555.7
2025-08-25,train,대전광역시,109285,월,0,0,0,0,0,0,1,1,1,8,25,1,0,0,0,0,0,0,3,50076.0,103771.0,55395.8,80023.8
2025-08-26,train,대전광역시,54325,화,0,0,0,0,0,0,0,0,0,8,26,0,1,0,0,0,0,0,1,109285.0,24367.0,56498.6,83989.45
2025-08-27,train,대전광역시,25530,수,0,0,0,0,0,0,0,0,0,8,27,0,0,1,0,0,0,0,1,54325.0,51907.0,62490.2,83652.1
2025-08-28,train,대전광역시,85253,목,0,0,0,0,0,0,0,0,0,8,28,0,0,0,1,0,0,0,1,25530.0,46858.0,57214.8,83730.4
2025-08-29,train,대전광역시,38667,금,0,0,0,0,0,0,0,0,0,8,29,0,0,0,0,1,0,0,1,85253.0,50076.0,64893.8,86899.25
2025-09-01,train,대전광역시,93803,월,0,0,0,0,0,0,0,0,0,9,1,1,0,0,0,0,0,0,3,38667.0,109285.0,62612.0,86366.6
2025-09-02,train,대전광역시,76508,화,0,0,0,0,0,0,0,0,0,9,2,0,1,0,0,0,0,0,1,93803.0,54325.0,59515.6,90075.0
2025-09-03,train,대전광역시,68141,수,0,0,0,0,0,0,0,0,0,9,3,0,0,1,0,0,0,0,1,76508.0,25530.0,63952.2,86139.3
2025-09-04,train,대전광역시,57309,목,0,0,0,0,0,0,0,0,0,9,4,0,0,0,1,0,0,0,1,68141.0,85253.0,72474.4,88026.5
2025-09-05,train,대전광역시,37547,금,0,0,0,0,0,0,0,0,0,9,5,0,0,0,0,1,0,0,1,57309.0,38667.0,66885.6,89164.0
2025-09-08,train,대전광역시,135310,월,0,0,0,0,0,0,0,0,0,9,8,1,0,0,0,0,0,0,3,37547.0,93803.0,66661.6,89523.75
2025-09-09,train,대전광역시,35992,화,0,0,0,0,1,0,0,1,1,9,9,0,1,0,0,0,0,0,1,135310.0,76508.0,74963.0,92002.3
2025-09-10,train,대전광역시,281002,수,0,0,0,0,1,0,0,1,1,9,10,0,0,1,0,0,0,0,1,35992.0,68141.0,66859.8,72217.65
2025-09-11,train,대전광역시,338111,목,0,0,0,0,1,0,0,1,1,9,11,0,0,0,1,0,0,0,1,281002.0,57309.0,109432.0,75023.8
2025-09-12,train,대전광역시,114748,금,0,0,0,0,1,0,0,1,1,9,12,0,0,0,0,1,0,0,1,338111.0,37547.0,165592.4,87984.65
2025-09-15,train,대전광역시,108484,월,0,0,0,0,1,0,0,1,1,9,15,1,0,0,0,0,0,0,3,114748.0,135310.0,181032.6,91425.5
2025-09-16,train,대전광역시,37609,화,0,0,0,0,0,0,0,0,0,9,16,0,1,0,0,0,0,0,1,108484.0,35992.0,175667.4,91661.15
2025-09-17,train,대전광역시,57681,수,0,0,0,0,0,0,0,0,0,9,17,0,0,1,0,0,0,0,1,37609.0,281002.0,175990.8,92323.25
2025-09-18,train,대전광역시,68416,목,0,0,0,0,0,0,0,0,0,9,18,0,0,0,1,0,0,0,1,57681.0,338111.0,131326.6,92611.95
2025-09-19,train,대전광역시,31754,금,0,0,0,0,0,0,0,0,0,9,19,0,0,0,0,1,0,0,1,68416.0,114748.0,77387.6,93689.85
2025-09-22,train,대전광역시,91152,월,0,0,0,0,0,0,1,1,1,9,22,1,0,0,0,0,0,0,3,31754.0,108484.0,60788.8,92773.75
2025-09-23,train,대전광역시,75584,화,0,0,0,0,0,0,1,1,1,9,23,0,1,0,0,0,0,0,1,91152.0,37609.0,57322.4,91867.1
2025-09-24,train,대전광역시,42174,수,0,0,0,0,0,0,1,1,1,9,24,0,0,1,0,0,0,0,1,75584.0,57681.0,64917.4,92930.05
2025-09-25,train,대전광역시,42933,목,0,0,0,0,0,0,1,1,1,9,25,0,0,0,1,0,0,0,1,42174.0,68416.0,61816.0,93762.25
2025-09-29,train,대전광역시,26511,월,0,0,0,0,0,0,0,0,0,9,29,1,0,0,0,0,0,0,4,42933.0,31754.0,56719.4,91646.25
2025-09-30,train,대전광역시,24117,화,0,0,0,0,0,0,0,0,0,9,30,0,1,0,0,0,0,0,1,26511.0,91152.0,55670.8,91038.45
2025-10-01,train,대전광역시,38712,수,0,0,0,0,0,0,0,0,0,10,1,0,0,1,0,0,0,0,1,24117.0,75584.0,42263.8,87554.15
2025-10-02,train,대전광역시,93729,목,0,0,0,0,0,0,0,0,0,10,2,0,0,0,1,0,0,0,1,38712.0,42174.0,34889.4,85664.35
2025-10-10,train,대전광역시,48628,금,0,0,0,0,0,0,0,0,0,10,10,0,0,0,0,1,0,0,8,93729.0,42933.0,45200.4,86943.75
2025-10-13,train,대전광역시,96501,월,0,0,0,0,0,0,0,0,0,10,13,1,0,0,0,0,0,0,3,48628.0,26511.0,46339.4,86509.7
2025-10-14,train,대전광역시,74471,화,0,0,0,0,0,0,0,0,0,10,14,0,1,0,0,0,0,0,1,96501.0,24117.0,60337.4,89457.4
2025-10-15,train,대전광역시,47407,수,0,0,0,0,0,0,0,0,0,10,15,0,0,1,0,0,0,0,1,74471.0,38712.0,70408.2,86415.45
2025-10-16,train,대전광역시,93781,목,0,0,0,0,0,0,0,0,0,10,16,0,0,0,1,0,0,0,1,47407.0,93729.0,72147.2,86986.2
2025-10-17,train,대전광역시,52408,금,0,0,0,0,0,0,0,0,0,10,17,0,0,0,0,1,0,0,1,93781.0,48628.0,72157.6,77625.15
2025-10-20,train,대전광역시,104227,월,0,0,0,0,0,0,0,0,0,10,20,1,0,0,0,0,0,0,3,52408.0,96501.0,72913.6,63340.0
2025-10-21,train,대전광역시,72767,화,0,0,0,0,0,0,1,1,1,10,21,0,1,0,0,0,0,0,1,104227.0,74471.0,74458.8,62813.95
2025-10-22,train,대전광역시,74161,수,0,0,0,0,0,0,1,1,1,10,22,0,0,1,0,0,0,0,1,72767.0,47407.0,74118.0,61028.1
2025-10-23,train,대전광역시,63466,목,0,0,0,0,0,0,1,1,1,10,23,0,0,0,1,0,0,0,1,74161.0,93781.0,79468.8,62855.7
2025-10-24,train,대전광역시,31558,금,0,0,0,0,0,0,1,1,1,10,24,0,0,0,0,1,0,0,1,63466.0,52408.0,73405.8,63144.95
2025-10-27,train,대전광역시,101412,월,0,0,0,0,0,0,0,0,0,10,27,1,0,0,0,0,0,0,3,31558.0,104227.0,69235.8,61302.05
2025-10-28,train,대전광역시,52949,화,0,0,0,0,0,0,0,0,0,10,28,0,1,0,0,0,0,0,1,101412.0,72767.0,68672.8,64784.95
2025-10-29,train,대전광역시,44356,수,0,0,0,0,0,0,0,0,0,10,29,0,0,1,0,0,0,0,1,52949.0,74161.0,64709.2,62874.8
2025-10-30,train,대전광역시,64424,목,0,0,0,0,0,0,0,0,0,10,30,0,0,0,1,0,0,0,1,44356.0,63466.0,58748.2,61313.4
2025-10-31,train,대전광역시,24566,금,0,0,0,0,0,0,0,0,0,10,31,0,0,0,0,1,0,0,1,64424.0,31558.0,58939.8,62425.9
2025-11-03,train,대전광역시,79719,월,0,0,0,0,0,0,0,0,0,11,3,1,0,0,0,0,0,0,3,24566.0,101412.0,57541.4,61507.55
2025-11-04,train,대전광역시,85746,화,0,0,0,0,0,0,0,0,0,11,4,0,1,0,0,0,0,0,1,79719.0,52949.0,53202.8,64167.95
2025-11-05,train,대전광역시,28485,수,0,0,0,0,0,0,0,0,0,11,5,0,0,1,0,0,0,0,1,85746.0,44356.0,59762.2,67249.4
2025-11-06,train,대전광역시,55717,목,0,0,0,0,0,0,0,0,0,11,6,0,0,0,1,0,0,0,1,28485.0,64424.0,56588.0,66738.05
2025-11-07,train,대전광역시,35889,금,0,0,0,0,0,0,0,0,0,11,7,0,0,0,0,1,0,0,1,55717.0,24566.0,54846.6,64837.45
2025-11-10,train,대전광역시,110599,월,0,0,0,0,0,0,0,0,0,11,10,1,0,0,0,0,0,0,3,35889.0,79719.0,57111.2,64200.5
2025-11-11,train,대전광역시,45823,화,0,0,0,0,0,0,0,0,0,11,11,0,1,0,0,0,0,0,1,110599.0,85746.0,63287.2,64905.4
2025-11-12,train,대전광역시,82098,수,0,0,0,0,0,0,0,0,0,11,12,0,0,1,0,0,0,0,1,45823.0,28485.0,55302.6,63473.0
2025-11-13,train,대전광역시,93902,목,0,0,0,0,0,0,0,0,0,11,13,0,0,0,1,0,0,0,1,82098.0,55717.0,66025.2,65207.55
2025-11-14,train,대전광역시,54494,금,0,0,0,0,0,0,0,0,0,11,14,0,0,0,0,1,0,0,1,93902.0,35889.0,73662.2,65213.6
2025-11-17,train,대전광역시,85405,월,0,0,0,0,0,0,0,0,0,11,17,1,0,0,0,0,0,0,3,54494.0,110599.0,77383.2,65317.9
2025-11-18,train,대전광역시,71487,화,0,0,0,0,0,0,0,0,0,11,18,0,1,0,0,0,0,0,1,85405.0,45823.0,72344.4,64376.8
2025-11-19,train,대전광역시,33123,수,0,0,0,0,0,0,0,0,0,11,19,0,0,1,0,0,0,0,1,71487.0,82098.0,77477.2,64312.8
2025-11-20,train,대전광역시,85687,목,0,0,0,0,0,0,0,0,0,11,20,0,0,0,1,0,0,0,1,33123.0,93902.0,67682.2,62260.9
2025-11-21,train,대전광역시,27067,금,0,0,0,0,0,0,1,1,1,11,21,0,0,0,0,1,0,0,1,85687.0,54494.0,66039.2,63371.95
2025-11-24,train,대전광역시,80413,월,0,0,0,0,0,0,1,1,1,11,24,1,0,0,0,0,0,0,3,27067.0,85405.0,60553.8,63147.4
2025-11-25,train,대전광역시,68290,화,0,0,0,0,0,0,1,1,1,11,25,0,1,0,0,0,0,0,1,80413.0,71487.0,59555.4,62097.45
2025-11-26,train,대전광역시,71080,수,0,0,0,0,0,0,0,0,0,11,26,0,0,1,0,0,0,0,1,68290.0,33123.0,58916.0,62864.5
2025-11-27,train,대전광역시,51151,목,0,0,0,0,0,0,0,0,0,11,27,0,0,0,1,0,0,0,1,71080.0,85687.0,66507.4,64200.7
2025-11-28,train,대전광역시,33846,금,0,0,0,0,0,0,0,0,0,11,28,0,0,0,0,1,0,0,1,51151.0,27067.0,59600.2,63537.05
2025-12-01,train,대전광역시,77866,월,0,0,0,0,0,0,0,0,0,12,1,1,0,0,0,0,0,0,3,33846.0,80413.0,60956.0,64001.05
2025-12-02,train,대전광역시,56963,화,0,0,0,0,0,0,0,0,0,12,2,0,1,0,0,0,0,0,1,77866.0,68290.0,60446.6,63908.4
2025-12-03,train,대전광역시,78877,수,0,0,0,0,0,0,0,0,0,12,3,0,0,1,0,0,0,0,1,56963.0,71080.0,58181.2,62469.25
2025-12-04,train,대전광역시,38376,목,0,0,0,0,0,0,0,0,0,12,4,0,0,0,1,0,0,0,1,78877.0,51151.0,59740.6,64988.85
2025-12-05,train,대전광역시,29068,금,0,0,0,0,0,0,0,0,0,12,5,0,0,0,0,1,0,0,1,38376.0,33846.0,57185.6,64121.8
2025-12-08,train,대전광역시,93910,월,0,0,0,0,0,0,0,0,0,12,8,1,0,0,0,0,0,0,3,29068.0,77866.0,56230.0,63780.75
2025-12-09,train,대전광역시,30237,화,0,0,0,0,0,1,0,1,1,12,9,0,1,0,0,0,0,0,1,93910.0,56963.0,59438.8,62946.3
2025-12-10,train,대전광역시,103280,수,0,0,0,0,0,1,0,1,1,12,10,0,0,1,0,0,0,0,1,30237.0,78877.0,54093.6,62167.0
2025-12-11,train,대전광역시,220935,목,0,0,0,0,0,1,0,1,1,12,11,0,0,0,1,0,0,0,1,103280.0,38376.0,58974.2,63226.1
2025-12-12,train,대전광역시,115859,금,0,0,0,0,0,1,0,1,1,12,12,0,0,0,0,1,0,0,1,220935.0,29068.0,95486.0,69577.75
2025-12-15,train,대전광역시,161689,월,0,0,0,0,0,1,0,1,1,12,15,1,0,0,0,0,0,0,3,115859.0,93910.0,112844.2,72646.0
2025-12-16,train,대전광역시,97751,화,0,0,0,0,0,0,0,0,0,12,16,0,1,0,0,0,0,0,1,161689.0,30237.0,126400.0,76460.2
2025-12-17,train,대전광역시,102714,수,0,0,0,0,0,0,0,0,0,12,17,0,0,1,0,0,0,0,1,97751.0,103280.0,139902.8,77773.4
2025-12-18,train,대전광역시,135636,목,0,0,0,0,0,0,0,0,0,12,18,0,0,0,1,0,0,0,1,102714.0,220935.0,139789.6,81252.95
2025-12-19,train,대전광역시,105155,금,0,0,0,0,0,0,0,0,0,12,19,0,0,0,0,1,0,0,1,135636.0,115859.0,122729.8,83750.4
2025-12-22,train,대전광역시,66267,월,0,0,0,0,0,0,1,1,1,12,22,1,0,0,0,0,0,0,3,105155.0,161689.0,120589.0,87654.8
2025-12-23,train,대전광역시,65671,화,0,0,0,0,0,0,1,1,1,12,23,0,1,0,0,0,0,0,1,66267.0,97751.0,101504.6,86947.5
2025-12-24,train,대전광역시,55749,수,0,0,0,0,0,0,1,1,1,12,24,0,0,1,0,0,0,0,1,65671.0,102714.0,95088.6,86816.55
2025-12-26,train,대전광역시,74315,금,0,0,0,0,0,0,0,0,0,12,26,0,0,0,0,1,0,0,2,55749.0,135636.0,85695.6,86050.0
2025-12-29,train,대전광역시,61381,월,0,0,0,0,0,0,0,0,0,12,29,1,0,0,0,0,0,0,3,74315.0,105155.0,73431.4,87208.2
2025-12-30,train,대전광역시,52771,화,0,0,0,0,0,0,0,0,0,12,30,0,1,0,0,0,0,0,1,61381.0,66267.0,64676.6,88584.95
2025-12-31,train,대전광역시,54909,수,0,0,0,0,0,0,0,0,0,12,31,0,0,1,0,0,0,0,1,52771.0,65671.0,61977.4,87330.2
