,행정동명,사업체수,시구,세대수,면적 (㎢),주소수,담당 통상배달국명,담당 집배원수(추정),주소밀도,행정동_위도,행정동_경도,담당 우체국명,담당 우체국 공식주소,담당 우체국 위도,담당 우체국 경도,배달국_집배원수,배달국내_주소비율,배달국내_세대비율,배달국내_사업체비율,인력배분비율
0,오정동,4629,대덕구,7509,3.06,3194,대전대덕,7.615,1043.7908496732025,36.352134022277255,127.4158434789732,대전대덕우체국,대전광역시 대덕구 문평동로 16,36.4474738,127.4003943,55,0.178655,0.093503,0.182409,0.138448
1,대화동,3203,대덕구,3374,3.18,1310,대전대덕,4.622,411.9496855345912,36.369581615188885,127.4072683699094,대전대덕우체국,대전광역시 대덕구 문평동로 16,36.4474738,127.4003943,55,0.073274,0.042013,0.126217,0.084038
2,회덕동,2075,대덕구,5469,16.83,1912,대전대덕,4.141,113.60665478312538,36.3968631240258,127.43366288251433,대전대덕우체국,대전광역시 대덕구 문평동로 16,36.4474738,127.4003943,55,0.106947,0.0681,0.081767,0.075293
3,비래동,1558,대덕구,6952,3.35,1197,대전대덕,4.064,357.3134328358209,36.36472076902099,127.45496959210803,대전대덕우체국,대전광역시 대덕구 문평동로 16,36.4474738,127.4003943,55,0.066954,0.086567,0.061394,0.073891
4,송촌동,2390,대덕구,10464,1.94,1233,대전대덕,6.146,635.5670103092783,36.36328114121035,127.44313999946206,대전대덕우체국,대전광역시 대덕구 문평동로 16,36.4474738,127.4003943,55,0.068967,0.130298,0.09418,0.111745
5,중리동,3045,대덕구,10432,1.5,3050,대전대덕,6.899,2033.3333333333333,36.36162377549439,127.42768109862216,대전대덕우체국,대전광역시 대덕구 문평동로 16,36.4474738,127.4003943,55,0.170601,0.1299,0.119991,0.125442
6,법1동,562,대덕구,5857,0.71,65,대전대덕,2.587,91.54929577464789,36.37128414285752,127.42585558094534,대전대덕우체국,대전광역시 대덕구 문평동로 16,36.4474738,127.4003943,55,0.003636,0.072932,0.022146,0.047031
7,법2동,910,대덕구,6753,1.92,202,대전대덕,3.268,105.20833333333334,36.3742416417714,127.4367092870571,대전대덕우체국,대전광역시 대덕구 문평동로 16,36.4474738,127.4003943,55,0.011299,0.084089,0.035859,0.059414
8,신탄진동,1469,대덕구,7008,22.99,2037,대전대덕,4.016,88.60374075685081,36.440181349056104,127.46225983056887,대전대덕우체국,대전광역시 대덕구 문평동로 16,36.4474738,127.4003943,55,0.113939,0.087264,0.057887,0.073016
9,석봉동,1250,대덕구,6682,1.22,893,대전대덕,3.632,731.9672131147541,36.44937602135271,127.42369434147474,대전대덕우체국,대전광역시 대덕구 문평동로 16,36.4474738,127.4003943,55,0.04995,0.083205,0.049257,0.066035
10,덕암동,2321,대덕구,6654,6.24,2077,대전대덕,4.812,332.8525641025641,36.43111934375323,127.42825444031799,대전대덕우체국,대전광역시 대덕구 문평동로 16,36.4474738,127.4003943,55,0.116176,0.082856,0.091461,0.087482
11,목상동,1965,대덕구,3154,5.79,708,대전대덕,3.199,122.27979274611398,36.43993740673555,127.40305896551197,대전대덕우체국,대전광역시 대덕구 문평동로 16,36.4474738,127.4003943,55,0.039602,0.039274,0.077432,0.058166
12,중앙동,3182,동구,2746,1.24,2625,대전,4.886,2116.935483870968,36.33113888314285,127.43416166313315,대전우체국,대전광역시 동구 대전로 757,36.3289462,127.433855,62,0.10208,0.025194,0.131803,0.078811
13,신인동,976,동구,6926,0.82,839,대전,3.209,1023.1707317073171,36.32259117871861,127.44114624924396,대전우체국,대전광역시 동구 대전로 757,36.3289462,127.433855,62,0.032627,0.063544,0.040427,0.051761
14,효동,2107,동구,8968,2.41,847,대전,5.221,351.45228215767634,36.31036013413472,127.4565776733535,대전우체국,대전광역시 동구 대전로 757,36.3289462,127.433855,62,0.032938,0.082278,0.087275,0.084209
15,판암1동,835,동구,5981,5.36,592,대전,2.758,110.44776119402984,36.31738327042319,127.46931161511564,대전우체국,대전광역시 동구 대전로 757,36.3289462,127.433855,62,0.023022,0.054874,0.034587,0.044481
16,판암2동,469,동구,5130,0.76,632,대전,2.055,831.578947368421,36.32116846444311,127.45481653995778,대전우체국,대전광역시 동구 대전로 757,36.3289462,127.433855,62,0.024577,0.047066,0.019427,0.033137
17,용운동,1805,동구,10330,3.47,1766,대전,5.244,508.9337175792507,36.3334543818643,127.46197998935911,대전우체국,대전광역시 동구 대전로 757,36.3289462,127.433855,62,0.068676,0.094774,0.074766,0.084583
18,대동,1229,동구,6110,0.78,1528,대전,3.32,1958.974358974359,36.32882179453726,127.44516970753367,대전우체국,대전광역시 동구 대전로 757,36.3289462,127.433855,62,0.059421,0.056057,0.050907,0.053545
19,자양동,1063,동구,6951,1.15,1794,대전,3.352,1560.0000000000002,36.33836164172759,127.45014644283583,대전우체국,대전광역시 동구 대전로 757,36.3289462,127.433855,62,0.069765,0.063773,0.044031,0.054067
20,가양1동,1366,동구,6891,1.03,2473,대전,3.738,2400.9708737864075,36.34322301192842,127.44313464778686,대전우체국,대전광역시 동구 대전로 757,36.3289462,127.433855,62,0.09617,0.063223,0.056582,0.060298
21,가양2동,1863,동구,9766,1.68,2120,대전,5.169,1261.904761904762,36.34844195921923,127.45406473342942,대전우체국,대전광역시 동구 대전로 757,36.3289462,127.433855,62,0.082442,0.0896,0.077168,0.083367
22,용전동,2478,동구,11770,1.2,1801,대전,6.505,1500.8333333333335,36.35408965503487,127.43427686988466,대전우체국,대전광역시 동구 대전로 757,36.3289462,127.433855,62,0.070037,0.107986,0.102643,0.104923
23,성남동,1164,동구,5286,0.83,1393,대전,3.002,1678.3132530120483,36.3438359096628,127.43324655677736,대전우체국,대전광역시 동구 대전로 757,36.3289462,127.433855,62,0.054171,0.048497,0.048215,0.04842
24,홍도동,1109,동구,6209,0.63,1071,대전,3.183,1700.0,36.34812922119385,127.42576115402429,대전우체국,대전광역시 동구 대전로 757,36.3289462,127.433855,62,0.041649,0.056965,0.045937,0.051338
25,삼성동,2022,동구,6432,1.31,2447,대전,4.443,1867.9389312977098,36.3387751804416,127.42531778053282,대전우체국,대전광역시 동구 대전로 757,36.3289462,127.433855,62,0.095158,0.059011,0.083754,0.071657
26,대청동,227,동구,1211,63.59,1305,대전,0.663,20.522094668973107,36.36963029740453,127.49217981860151,대전우체국,대전광역시 동구 대전로 757,36.3289462,127.433855,62,0.050749,0.01111,0.009403,0.010701
27,산내동,2247,동구,8289,50.42,2482,대전,5.251,49.226497421658074,36.24934161075709,127.46264937980767,대전우체국,대전광역시 동구 대전로 757,36.3289462,127.433855,62,0.09652,0.076049,0.093074,0.084702
28,복수동,1530,서구,8909,1.78,742,대전둔산,4.446,416.85393258426967,36.30203607567264,127.37681588342411,대전둔산우체국,대전광역시 서구 둔산로 111,36.3518707,127.3862544,125,0.029799,0.041009,0.03026,0.035565
29,도마1동,2140,서구,9732,1.63,2536,대전둔산,5.525,1555.8282208588957,36.31869308760175,127.38169731223252,대전둔산우체국,대전광역시 서구 둔산로 111,36.3518707,127.3862544,125,0.101847,0.044797,0.042324,0.044201
30,도마2동,1509,서구,8135,1.77,1948,대전둔산,4.267,1100.5649717514125,36.32051768969095,127.36544105632946,대전둔산우체국,대전광역시 서구 둔산로 111,36.3518707,127.3862544,125,0.078233,0.037446,0.029845,0.034132
31,정림동,1444,서구,6773,6.04,938,대전둔산,3.744,155.2980132450331,36.2942818883227,127.36594968910964,대전둔산우체국,대전광역시 서구 둔산로 111,36.3518707,127.3862544,125,0.037671,0.031177,0.028559,0.029952
32,변동,1992,서구,6538,1.48,2306,대전둔산,4.423,1558.1081081081081,36.328007494086265,127.38031550817611,대전둔산우체국,대전광역시 서구 둔산로 111,36.3518707,127.3862544,125,0.09261,0.030095,0.039397,0.035387
33,용문동,1318,서구,7131,1.01,1131,대전둔산,3.702,1119.8019801980197,36.33881252746284,127.3984704509078,대전둔산우체국,대전광역시 서구 둔산로 111,36.3518707,127.3862544,125,0.045422,0.032825,0.026067,0.029618
34,탄방동,4575,서구,14893,1.65,1398,대전둔산,9.909,847.2727272727274,36.34366753339107,127.38971740592719,대전둔산우체국,대전광역시 서구 둔산로 111,36.3518707,127.3862544,125,0.056145,0.068554,0.090483,0.079272
35,둔산1동,2605,서구,5737,1.07,118,대전둔산,4.825,110.28037383177569,36.35339498070636,127.38992871944741,대전둔산우체국,대전광역시 서구 둔산로 111,36.3518707,127.3862544,125,0.004739,0.026408,0.051521,0.038601
36,둔산2동,5327,서구,15091,2.4,381,대전둔산,10.829,158.75,36.35476231012607,127.37945811482132,대전둔산우체국,대전광역시 서구 둔산로 111,36.3518707,127.3862544,125,0.015301,0.069465,0.105356,0.086635
37,둔산3동,1332,서구,7883,0.75,333,대전둔산,3.889,444.0,36.35324728323007,127.39991834934413,대전둔산우체국,대전광역시 서구 둔산로 111,36.3518707,127.3862544,125,0.013373,0.036286,0.026344,0.031113
38,괴정동,3492,서구,11723,1.25,1935,대전둔산,7.712,1548.0,36.33805614763952,127.37878675887727,대전둔산우체국,대전광역시 서구 둔산로 111,36.3518707,127.3862544,125,0.077711,0.053962,0.069064,0.061699
39,가장동,892,서구,4775,0.57,793,대전둔산,2.493,1391.2280701754387,36.33163295860545,127.38831253446263,대전둔산우체국,대전광역시 서구 둔산로 111,36.3518707,127.3862544,125,0.031847,0.02198,0.017642,0.019941
40,내동,1611,서구,9542,0.99,1300,대전둔산,4.755,1313.1313131313132,36.33439858110368,127.37754674587718,대전둔산우체국,대전광역시 서구 둔산로 111,36.3518707,127.3862544,125,0.052209,0.043923,0.031862,0.038044
41,갈마1동,2099,서구,11924,1.5,1426,대전둔산,6.037,950.6666666666666,36.34862288787222,127.36583843348869,대전둔산우체국,대전광역시 서구 둔산로 111,36.3518707,127.3862544,125,0.057269,0.054887,0.041513,0.048293
42,갈마2동,2136,서구,13564,0.73,1077,대전둔산,6.529,1475.3424657534247,36.346573975545475,127.37401179364223,대전둔산우체국,대전광역시 서구 둔산로 111,36.3518707,127.3862544,125,0.043253,0.062436,0.042245,0.052231
43,월평1동,2176,서구,7630,2.8,1272,대전둔산,4.902,454.28571428571433,36.34361442053737,127.35652623378532,대전둔산우체국,대전광역시 서구 둔산로 111,36.3518707,127.3862544,125,0.051084,0.035122,0.043036,0.039215
44,월평2동,1794,서구,6722,0.55,64,대전둔산,4.11,116.36363636363636,36.36148640008324,127.37685175494548,대전둔산우체국,대전광역시 서구 둔산로 111,36.3518707,127.3862544,125,0.00257,0.030942,0.035481,0.032877
45,월평3동,817,서구,7609,0.9,16,대전둔산,3.163,17.77777777777778,36.36119431302878,127.36746455321634,대전둔산우체국,대전광역시 서구 둔산로 111,36.3518707,127.3862544,125,0.000643,0.035025,0.016158,0.025308
46,만년동,1771,서구,6100,1.71,340,대전둔산,3.92,198.83040935672514,36.368389886465586,127.3828053708733,대전둔산우체국,대전광역시 서구 둔산로 111,36.3518707,127.3862544,125,0.013655,0.028079,0.035026,0.031359
47,가수원동,1305,서구,4805,4.89,938,대전둔산,3.015,191.82004089979552,36.29000299471265,127.35158403300764,대전둔산우체국,대전광역시 서구 둔산로 111,36.3518707,127.3862544,125,0.037671,0.022118,0.02581,0.024117
48,도안동,3223,서구,13976,5.23,955,대전둔산,7.969,182.6003824091778,36.31822837871561,127.34785761297573,대전둔산우체국,대전광역시 서구 둔산로 111,36.3518707,127.3862544,125,0.038353,0.064333,0.063744,0.063755
49,관저1동,1202,서구,6622,1.06,256,대전둔산,3.367,241.50943396226413,36.307490888790596,127.33870922869717,대전둔산우체국,대전광역시 서구 둔산로 111,36.3518707,127.3862544,125,0.010281,0.030482,0.023773,0.026939
50,관저2동,3739,서구,19599,4.62,907,대전둔산,10.197,196.32034632034632,36.29134224245876,127.33262654645573,대전둔산우체국,대전광역시 서구 둔산로 111,36.3518707,127.3862544,125,0.036426,0.090216,0.073949,0.081572
51,기성동,533,서구,1832,49.16,1790,대전둔산,1.272,36.41171684296176,36.23367009769695,127.32510895577362,대전둔산우체국,대전광역시 서구 둔산로 111,36.3518707,127.3862544,125,0.071888,0.008433,0.010542,0.010175
52,진잠동,3413,유성구,11811,40.4,2869,대전유성,7.592,71.01485148514851,36.298709622346934,127.29164124676134,대전유성우체국,대전광역시 유성구 온천로 51,36.354967,127.344751,95,0.157533,0.070823,0.087271,0.079919
53,학하동,2386,유성구,8966,13.4,1598,대전유성,5.484,119.25373134328358,36.34183696254233,127.29566980327397,대전유성우체국,대전광역시 유성구 온천로 51,36.354967,127.344751,95,0.087744,0.053764,0.061011,0.057725
54,원신흥동,1902,유성구,13553,2.8,664,대전유성,6.139,237.14285714285717,36.342709122769634,127.34600489222665,대전유성우체국,대전광역시 유성구 온천로 51,36.354967,127.344751,95,0.036459,0.081269,0.048635,0.064622
55,상대동,1455,유성구,9173,2.5,435,대전유성,4.356,174.0,36.34053279332082,127.32904588758936,대전유성우체국,대전광역시 유성구 온천로 51,36.354967,127.344751,95,0.023885,0.055005,0.037205,0.045851
56,온천1동,5662,유성구,17734,5.0,2424,대전유성,11.938,484.8,36.35628949086425,127.33361939035439,대전유성우체국,대전광역시 유성구 온천로 51,36.354967,127.344751,95,0.133099,0.10634,0.144779,0.125661
57,온천2동,4850,유성구,21408,7.0,2499,대전유성,12.0,357.0,36.36963958741781,127.35154276208391,대전유성우체국,대전광역시 유성구 온천로 51,36.354967,127.344751,95,0.137217,0.128371,0.124016,0.126312
58,노은1동,3349,유성구,8824,11.4,1167,대전유성,6.577,102.36842105263158,36.36686362901758,127.29123476961392,대전유성우체국,대전광역시 유성구 온천로 51,36.354967,127.344751,95,0.064079,0.052912,0.085635,0.069233
59,노은2동,1358,유성구,9538,10.4,1040,대전유성,4.377,100.0,36.40052956555536,127.31302876843688,대전유성우체국,대전광역시 유성구 온천로 51,36.354967,127.344751,95,0.057105,0.057194,0.034724,0.04607
60,노은3동,2407,유성구,14202,9.0,638,대전유성,6.927,70.88888888888889,36.38611443769143,127.29799680363348,대전유성우체국,대전광역시 유성구 온천로 51,36.354967,127.344751,95,0.035032,0.085161,0.061548,0.072921
61,신성동,2937,유성구,12292,31.0,1436,대전유성,7.073,46.32258064516129,36.403489115696104,127.3538295503692,대전유성우체국,대전광역시 유성구 온천로 51,36.354967,127.344751,95,0.078849,0.073708,0.0751,0.074453
62,전민동,2618,유성구,11507,9.01,970,대전유성,6.442,107.6581576026637,36.39354358872492,127.39578592619606,대전유성우체국,대전광역시 유성구 온천로 51,36.354967,127.344751,95,0.053262,0.069,0.066943,0.067809
63,구즉동,2078,유성구,15084,27.5,1325,대전유성,6.819,48.18181818181818,36.4610487793129,127.37859881853969,대전유성우체국,대전광역시 유성구 온천로 51,36.354967,127.344751,95,0.072754,0.09045,0.053135,0.071784
64,관평동,4693,유성구,12675,7.2,1147,대전유성,9.276,159.30555555555554,36.42262206583791,127.3987605326769,대전유성우체국,대전광역시 유성구 온천로 51,36.354967,127.344751,95,0.06298,0.076004,0.120001,0.097639
65,은행선화동,4045,중구,8398,1.49,2164,서대전,7.136,1452.3489932885907,36.33143970182906,127.42056045109831,서대전우체국,대전광역시 중구 계룡로 914,36.3344823,127.3979405,65,0.085442,0.07857,0.141468,0.10978
66,목동,980,중구,5877,0.71,401,서대전,2.88,564.7887323943662,36.333244416031064,127.4099022855791,서대전우체국,대전광역시 중구 계룡로 914,36.3344823,127.3979405,65,0.015833,0.054984,0.034274,0.044302
67,중촌동,1422,중구,6595,1.19,813,서대전,3.604,683.1932773109244,36.342107015119666,127.40877163337778,서대전우체국,대전광역시 중구 계룡로 914,36.3344823,127.3979405,65,0.0321,0.061702,0.049732,0.055451
68,대흥동,2488,중구,7428,1.2,1767,서대전,5.081,1472.5,36.32303594098726,127.42376622963994,서대전우체국,대전광역시 중구 계룡로 914,36.3344823,127.3979405,65,0.069767,0.069495,0.087014,0.07817
69,문창동,1167,중구,2508,0.46,1408,서대전,2.106,3060.869565217391,36.31790880166801,127.43621540901741,서대전우체국,대전광역시 중구 계룡로 914,36.3344823,127.3979405,65,0.055593,0.023464,0.040814,0.032406
70,석교동,1480,중구,7609,4.32,3343,서대전,4.046,773.8425925925925,36.30178687806585,127.44127878535711,서대전우체국,대전광역시 중구 계룡로 914,36.3344823,127.3979405,65,0.131994,0.071189,0.051761,0.062241
71,대사동,969,중구,3259,2.02,1302,서대전,2.106,644.5544554455446,36.31054276066311,127.42202225281457,서대전우체국,대전광역시 중구 계룡로 914,36.3344823,127.3979405,65,0.051408,0.030491,0.033889,0.032403
72,부사동,1274,중구,3421,1.14,1608,서대전,2.507,1410.5263157894738,36.311544139658,127.43267478703265,서대전우체국,대전광역시 중구 계룡로 914,36.3344823,127.3979405,65,0.06349,0.032006,0.044556,0.038565
73,용두동,1109,중구,5165,0.78,1259,서대전,2.835,1614.102564102564,36.33036204222849,127.40586289692027,서대전우체국,대전광역시 중구 계룡로 914,36.3344823,127.3979405,65,0.04971,0.048323,0.038786,0.043617
74,오류동,1866,중구,4982,0.66,701,서대전,3.616,1062.121212121212,36.32638271246514,127.40464638679131,서대전우체국,대전광역시 중구 계룡로 914,36.3344823,127.3979405,65,0.027678,0.046611,0.065261,0.055634
75,태평1동,1108,중구,5211,0.7,874,서대전,2.837,1248.5714285714287,36.3280713968016,127.39839504213319,서대전우체국,대전광역시 중구 계룡로 914,36.3344823,127.3979405,65,0.034509,0.048753,0.038751,0.043645
76,태평2동,1329,중구,9515,1.0,869,서대전,4.378,869.0,36.32515544957157,127.39164424851809,서대전우체국,대전광역시 중구 계룡로 914,36.3344823,127.3979405,65,0.034311,0.089021,0.04648,0.067361
77,유천1동,1584,중구,3410,0.6,1304,서대전,2.844,2173.3333333333335,36.31628531515939,127.3928326385498,서대전우체국,대전광역시 중구 계룡로 914,36.3344823,127.3979405,65,0.051487,0.031903,0.055398,0.043749
78,유천2동,1490,중구,6540,0.7,1551,서대전,3.685,2215.714285714286,36.31788541478319,127.39971713333622,서대전우체국,대전광역시 중구 계룡로 914,36.3344823,127.3979405,65,0.061239,0.061187,0.052111,0.056695
79,문화1동,1398,중구,8407,2.17,867,서대전,4.123,399.53917050691246,36.309175199402056,127.41259599792038,서대전우체국,대전광역시 중구 계룡로 914,36.3344823,127.3979405,65,0.034232,0.078655,0.048893,0.063434
80,문화2동,949,중구,5924,1.46,1250,서대전,2.883,856.1643835616438,36.3074818325631,127.40249279950353,서대전우체국,대전광역시 중구 계룡로 914,36.3344823,127.3979405,65,0.049354,0.055424,0.03319,0.044351
81,산성동,3935,중구,12636,41.6,3846,서대전,8.333,92.45192307692308,36.26048562238599,127.40973644048536,서대전우체국,대전광역시 중구 계룡로 914,36.3344823,127.3979405,65,0.151854,0.118221,0.137621,0.128194
